predecessor_fundref_id,successor_fundref_id,successor_ror_id,source,as_of
100000959,100009885,https://ror.org/032ppma22,crossref_registry_raw,2026-10-09
100000963,100000041,https://ror.org/04f6cgz95,crossref_registry_raw,2026-10-09
100001017,100011309,https://ror.org/00w3rj542,crossref_registry_raw,2026-10-09
100001041,100014210,https://ror.org/05166vc35,crossref_registry_raw,2026-10-09
100001159,100021406,https://ror.org/03jwgbj27,crossref_registry_raw,2026-10-09
100001405,100002488,https://ror.org/00my66392,crossref_registry_raw,2026-10-09
100001570,100002384,https://ror.org/03v7a9n80,crossref_registry_raw,2026-10-09
100001637,100001127,https://ror.org/03nkpwc05,crossref_registry_raw,2026-10-09
100001658,100011686,https://ror.org/05kx3hd68,crossref_registry_raw,2026-10-09
100001688,100029719,,crossref_registry_raw,2026-10-09
100001871,100027077,https://ror.org/01hckwt34,crossref_registry_raw,2026-10-09
100002276,100002275,https://ror.org/01fqjf794,crossref_registry_raw,2026-10-09
100002633,100021432,https://ror.org/0348j9j37,crossref_registry_raw,2026-10-09
100003148,100022305,https://ror.org/04xn42d49,crossref_registry_raw,2026-10-09
100003931,100011780,https://ror.org/00za53h95,crossref_registry_raw,2026-10-09
100004110,100027084,,crossref_registry_raw,2026-10-09
100004317,100002186,https://ror.org/026er9r08,crossref_registry_raw,2026-10-09
100004374,100016304,https://ror.org/00grd1h17,crossref_registry_raw,2026-10-09
100004412,501100000854,https://ror.org/02ebx7v45,crossref_registry_raw,2026-10-09
100004413,501100001724,https://ror.org/03pwwck46,crossref_registry_raw,2026-10-09
100004432,501100001707,https://ror.org/026dp0v66,crossref_registry_raw,2026-10-09
100004435,501100000391,https://ror.org/031tfbz57,crossref_registry_raw,2026-10-09
100004440,100010269,https://ror.org/029chgv08,crossref_registry_raw,2026-10-09
100004446,100005670,https://ror.org/03q4zw938,crossref_registry_raw,2026-10-09
100004454,501100001683,https://ror.org/04xsxqp89,crossref_registry_raw,2026-10-09
100004457,501100002222,https://ror.org/00twbd828,crossref_registry_raw,2026-10-09
100004818,100021747,https://ror.org/00zkesn06,crossref_registry_raw,2026-10-09
100004898,100024344,https://ror.org/05c8v5d10,crossref_registry_raw,2026-10-09
100005630,100000926,https://ror.org/05q1b6223,crossref_registry_raw,2026-10-09
100005634,100001207,https://ror.org/01q222b25,crossref_registry_raw,2026-10-09
100005849,501100000373,https://ror.org/0312hfy93,crossref_registry_raw,2026-10-09
100005938,100005427,https://ror.org/01qcqnr53,crossref_registry_raw,2026-10-09
100006165,100017278,https://ror.org/039928415,crossref_registry_raw,2026-10-09
100006323,100006357,https://ror.org/01c02p071,crossref_registry_raw,2026-10-09
100006544,100022450,https://ror.org/05etan845,crossref_registry_raw,2026-10-09
100006744,100030123,https://ror.org/0284e2q78,crossref_registry_raw,2026-10-09
100007002,100007001,https://ror.org/015t55b95,crossref_registry_raw,2026-10-09
100007220,501100001231,https://ror.org/02j2fth58,crossref_registry_raw,2026-10-09
100007223,501100004729,https://ror.org/04d836q62,crossref_registry_raw,2026-10-09
100007353,501100001673,https://ror.org/03js3tm40,crossref_registry_raw,2026-10-09
100007370,501100005041,https://ror.org/02495e989,crossref_registry_raw,2026-10-09
100007393,100013465,https://ror.org/0162y2387,crossref_registry_raw,2026-10-09
100007522,100000106,https://ror.org/04k9mqs78,crossref_registry_raw,2026-10-09
100007545,501100009148,https://ror.org/027m9bs27,crossref_registry_raw,2026-10-09
100007557,100000900,https://ror.org/033m8b439,crossref_registry_raw,2026-10-09
100007615,501100000923,https://ror.org/05mmh0f86,crossref_registry_raw,2026-10-09
100007659,100004326,https://ror.org/04hmn8g73,crossref_registry_raw,2026-10-09
100007675,501100001688,https://ror.org/043bgf219,crossref_registry_raw,2026-10-09
100007717,501100005161,https://ror.org/02tbw3b35,crossref_registry_raw,2026-10-09
100007799,100024009,,crossref_registry_raw,2026-10-09
100007829,100007765,https://ror.org/05p1j8758,crossref_registry_raw,2026-10-09
100007830,100007766,https://ror.org/05p1j8758,crossref_registry_raw,2026-10-09
100007856,100007915,https://ror.org/02pttbw34,crossref_registry_raw,2026-10-09
100007871,100008044,https://ror.org/04dese585,crossref_registry_raw,2026-10-09
100008013,100007865,https://ror.org/016tfm930,crossref_registry_raw,2026-10-09
100008016,501100005381,https://ror.org/05x3hz149,crossref_registry_raw,2026-10-09
100008123,501100007981,https://ror.org/010gf7388,crossref_registry_raw,2026-10-09
100008191,100012066,https://ror.org/043zam433,crossref_registry_raw,2026-10-09
100008475,501100007914,https://ror.org/00dn4t376,crossref_registry_raw,2026-10-09
100008584,501100000980,https://ror.org/02xwr1996,crossref_registry_raw,2026-10-09
100008664,100022690,https://ror.org/0332bbh94,crossref_registry_raw,2026-10-09
100008664,100022690,https://ror.org/042hqe202,crossref_registry_raw,2026-10-09
100008690,501100001780,https://ror.org/04ttjf776,crossref_registry_raw,2026-10-09
100008735,100008695,https://ror.org/0293d8d10,crossref_registry_raw,2026-10-09
100008905,501100007270,https://ror.org/037rt4a55,crossref_registry_raw,2026-10-09
100008927,100000984,https://ror.org/012kxk780,crossref_registry_raw,2026-10-09
100009132,100008633,https://ror.org/03tebpn36,crossref_registry_raw,2026-10-09
100009251,100021794,https://ror.org/03taz7m60,crossref_registry_raw,2026-10-09
100009428,100009623,https://ror.org/00qcb6787,crossref_registry_raw,2026-10-09
100009442,501100004098,https://ror.org/02mqrrm75,crossref_registry_raw,2026-10-09
100009467,501100001336,https://ror.org/03rp50x72,crossref_registry_raw,2026-10-09
100009468,501100007295,https://ror.org/01q4wy056,crossref_registry_raw,2026-10-09
100009494,100001309,https://ror.org/00jp8d455,crossref_registry_raw,2026-10-09
100009527,501100007294,https://ror.org/04cz2yk65,crossref_registry_raw,2026-10-09
100009535,100000992,https://ror.org/04pqedt90,crossref_registry_raw,2026-10-09
100009570,501100007280,https://ror.org/04718hx42,crossref_registry_raw,2026-10-09
100009599,100001115,https://ror.org/03tex3d35,crossref_registry_raw,2026-10-09
100010110,501100017590,https://ror.org/018wg9441,crossref_registry_raw,2026-10-09
100010260,501100001707,https://ror.org/026dp0v66,crossref_registry_raw,2026-10-09
100010712,501100007981,https://ror.org/010gf7388,crossref_registry_raw,2026-10-09
100010949,501100009147,https://ror.org/01nrxwf90,crossref_registry_raw,2026-10-09
100011047,100022092,https://ror.org/037dt7852,crossref_registry_raw,2026-10-09
100011406,501100000847,https://ror.org/01ch2yn61,crossref_registry_raw,2026-10-09
100011937,501100010570,https://ror.org/0116z8r77,crossref_registry_raw,2026-10-09
100012360,100013963,https://ror.org/014ja3n03,crossref_registry_raw,2026-10-09
100012482,100011354,https://ror.org/05asdy483,crossref_registry_raw,2026-10-09
100012541,100012540,https://ror.org/00tjzgn92,crossref_registry_raw,2026-10-09
100012548,501100010009,https://ror.org/031tatj48,crossref_registry_raw,2026-10-09
100012620,501100010029,https://ror.org/01ksk4k18,crossref_registry_raw,2026-10-09
100012763,100007852,https://ror.org/05s5kq870,crossref_registry_raw,2026-10-09
100012826,501100010727,https://ror.org/03yzqyp10,crossref_registry_raw,2026-10-09
100012936,100013560,https://ror.org/05w5gh811,crossref_registry_raw,2026-10-09
100012948,501100011045,https://ror.org/03sjk9a61,crossref_registry_raw,2026-10-09
100013053,100009003,https://ror.org/03k51z204,crossref_registry_raw,2026-10-09
100013420,501100008640,https://ror.org/055y4y749,crossref_registry_raw,2026-10-09
100013426,100021793,https://ror.org/03czfpz43,crossref_registry_raw,2026-10-09
100013683,501100013229,https://ror.org/00ht10937,crossref_registry_raw,2026-10-09
100013688,100013690,https://ror.org/03qtzce31,crossref_registry_raw,2026-10-09
100013978,501100000655,https://ror.org/0431sk359,crossref_registry_raw,2026-10-09
100014028,100011266,,crossref_registry_raw,2026-10-09
100014041,100007333,https://ror.org/01j20wc74,crossref_registry_raw,2026-10-09
100014232,501100012358,https://ror.org/021954z67,crossref_registry_raw,2026-10-09
100014426,100026902,https://ror.org/00rq2r705,crossref_registry_raw,2026-10-09
100014523,100011501,https://ror.org/02smfhw86,crossref_registry_raw,2026-10-09
100014548,100022300,https://ror.org/006qmn341,crossref_registry_raw,2026-10-09
100014718,501100001809,https://ror.org/01h0zpd94,crossref_registry_raw,2026-10-09
100014732,100014804,https://ror.org/01359dk79,crossref_registry_raw,2026-10-09
100014901,100021705,https://ror.org/02mv4jh42,crossref_registry_raw,2026-10-09
100015084,100015821,https://ror.org/01f5ytq51,crossref_registry_raw,2026-10-09
100015333,100015104,https://ror.org/025g86c43,crossref_registry_raw,2026-10-09
100015659,100008487,https://ror.org/0583nw070,crossref_registry_raw,2026-10-09
100015985,100000893,https://ror.org/01cmst727,crossref_registry_raw,2026-10-09
100016009,100001279,https://ror.org/029xgej46,crossref_registry_raw,2026-10-09
100016012,100000887,https://ror.org/0064m4q05,crossref_registry_raw,2026-10-09
100016079,501100015308,https://ror.org/02vtvez67,crossref_registry_raw,2026-10-09
100016187,501100000871,https://ror.org/00yh11w37,crossref_registry_raw,2026-10-09
100016488,100013308,https://ror.org/01ahb7328,crossref_registry_raw,2026-10-09
100016535,100016350,https://ror.org/0173y3036,crossref_registry_raw,2026-10-09
100016819,501100016300,https://ror.org/002k5fe57,crossref_registry_raw,2026-10-09
100016879,100011110,https://ror.org/01n029866,crossref_registry_raw,2026-10-09
100017404,501100020312,https://ror.org/03swyrn62,crossref_registry_raw,2026-10-09
100018347,501100020600,https://ror.org/00jb0e673,crossref_registry_raw,2026-10-09
100018758,100019225,,crossref_registry_raw,2026-10-09
100018796,100018776,,crossref_registry_raw,2026-10-09
100018932,501100012209,https://ror.org/040k8g159,crossref_registry_raw,2026-10-09
100019004,100022674,,crossref_registry_raw,2026-10-09
100019224,501100020912,https://ror.org/00dn43547,crossref_registry_raw,2026-10-09
100019796,501100021594,https://ror.org/05kb51347,crossref_registry_raw,2026-10-09
100020505,100022574,,crossref_registry_raw,2026-10-09
100020616,100008570,https://ror.org/05vz28418,crossref_registry_raw,2026-10-09
100020632,501100021050,https://ror.org/03fcabp80,crossref_registry_raw,2026-10-09
100021177,100020365,https://ror.org/050103r16,crossref_registry_raw,2026-10-09
100021257,100004873,https://ror.org/020stct92,crossref_registry_raw,2026-10-09
100021401,100004890,https://ror.org/05nw4bs65,crossref_registry_raw,2026-10-09
100021487,100008781,https://ror.org/0153tk833,crossref_registry_raw,2026-10-09
100021543,100006502,https://ror.org/0447fe631,crossref_registry_raw,2026-10-09
100021638,501100000155,https://ror.org/04j5jqy92,crossref_registry_raw,2026-10-09
100021679,100011748,https://ror.org/05gxnyn08,crossref_registry_raw,2026-10-09
100021768,501100002343,https://ror.org/04e4jbv10,crossref_registry_raw,2026-10-09
100021809,100012323,https://ror.org/02rkzhe22,crossref_registry_raw,2026-10-09
100021996,100020391,https://ror.org/015b0dz43,crossref_registry_raw,2026-10-09
100022179,501100000067,https://ror.org/0160cpw27,crossref_registry_raw,2026-10-09
100022187,100004354,https://ror.org/031rnv444,crossref_registry_raw,2026-10-09
100022226,100020429,,crossref_registry_raw,2026-10-09
100022355,501100000102,https://ror.org/026ryr342,crossref_registry_raw,2026-10-09
100022379,100019981,https://ror.org/03m2x1q45,crossref_registry_raw,2026-10-09
100022381,100004865,https://ror.org/02tsp7733,crossref_registry_raw,2026-10-09
100022395,501100000187,https://ror.org/03rmrcq20,crossref_registry_raw,2026-10-09
100022403,100005754,https://ror.org/045fdzr53,crossref_registry_raw,2026-10-09
100022464,100016186,https://ror.org/00ty2a548,crossref_registry_raw,2026-10-09
100022547,100014879,,crossref_registry_raw,2026-10-09
100022681,100013154,https://ror.org/05xte6x19,crossref_registry_raw,2026-10-09
100022725,501100024211,,crossref_registry_raw,2026-10-09
100022743,501100024214,,crossref_registry_raw,2026-10-09
100023153,100014948,https://ror.org/0534jrf69,crossref_registry_raw,2026-10-09
100023295,501100022715,https://ror.org/00hzpzv83,crossref_registry_raw,2026-10-09
100029691,100003300,https://ror.org/04x17ze61,crossref_registry_raw,2026-10-09
100030732,100012781,https://ror.org/01kaqxm37,crossref_registry_raw,2026-10-09
501100000222,100004411,https://ror.org/00qbpyp73,crossref_registry_raw,2026-10-09
501100000278,501100020171,https://ror.org/02vtmh618,crossref_registry_raw,2026-10-09
501100000350,501100010311,https://ror.org/002kcsx52,crossref_registry_raw,2026-10-09
501100000384,100011722,https://ror.org/02wxr8x18,crossref_registry_raw,2026-10-09
501100000400,501100000330,https://ror.org/01emdsc76,crossref_registry_raw,2026-10-09
501100000404,100012111,https://ror.org/0143pk141,crossref_registry_raw,2026-10-09
501100000584,501100006628,https://ror.org/027m9bs27,crossref_registry_raw,2026-10-09
501100000764,100009360,https://ror.org/0220mzb33,crossref_registry_raw,2026-10-09
501100000775,100004364,https://ror.org/051659894,crossref_registry_raw,2026-10-09
501100000811,100010686,https://ror.org/036dxts37,crossref_registry_raw,2026-10-09
501100000830,100004415,https://ror.org/05xagc088,crossref_registry_raw,2026-10-09
501100000849,501100010757,https://ror.org/02w0kg036,crossref_registry_raw,2026-10-09
501100000851,100009148,https://ror.org/026zzn846,crossref_registry_raw,2026-10-09
501100001590,100010414,https://ror.org/003hb2249,crossref_registry_raw,2026-10-09
501100001805,501100000196,https://ror.org/000az4664,crossref_registry_raw,2026-10-09
501100001840,501100011103,https://ror.org/03srneg48,crossref_registry_raw,2026-10-09
501100002181,100011714,https://ror.org/015qxt173,crossref_registry_raw,2026-10-09
501100002563,501100010800,https://ror.org/0500xzf72,crossref_registry_raw,2026-10-09
501100002584,501100009511,https://ror.org/00txhkt32,crossref_registry_raw,2026-10-09
501100002653,100011703,https://ror.org/02cddnn97,crossref_registry_raw,2026-10-09
501100002654,100012113,,crossref_registry_raw,2026-10-09
501100002669,100011676,https://ror.org/02j2cf778,crossref_registry_raw,2026-10-09
501100002709,100004322,https://ror.org/02tryst02,crossref_registry_raw,2026-10-09
501100002763,501100009694,https://ror.org/04ka8rx28,crossref_registry_raw,2026-10-09
501100002772,100013003,https://ror.org/003109y17,crossref_registry_raw,2026-10-09
501100002788,100012115,https://ror.org/0112b4s87,crossref_registry_raw,2026-10-09
501100002841,501100003024,https://ror.org/02kq92y46,crossref_registry_raw,2026-10-09
501100002860,501100004543,https://ror.org/04atp4p48,crossref_registry_raw,2026-10-09
501100002956,100012114,https://ror.org/00hgy8d33,crossref_registry_raw,2026-10-09
501100002973,501100002336,https://ror.org/027y26122,crossref_registry_raw,2026-10-09
501100002986,501100022860,https://ror.org/015z41c35,crossref_registry_raw,2026-10-09
501100002992,501100000278,https://ror.org/05rf29967,crossref_registry_raw,2026-10-09
501100002992,501100020171,https://ror.org/02vtmh618,crossref_registry_raw,2026-10-09
501100003008,501100002385,https://ror.org/0512bh102,crossref_registry_raw,2026-10-09
501100003043,100004410,https://ror.org/04wfr2810,crossref_registry_raw,2026-10-09
501100003051,501100001863,https://ror.org/0055k7a87,crossref_registry_raw,2026-10-09
501100003242,501100000923,https://ror.org/05mmh0f86,crossref_registry_raw,2026-10-09
501100003248,100012120,https://ror.org/00tr7ny14,crossref_registry_raw,2026-10-09
501100003404,501100001712,https://ror.org/01f61vq51,crossref_registry_raw,2026-10-09
501100003415,501100006588,https://ror.org/0507etz14,crossref_registry_raw,2026-10-09
501100003549,501100011019,https://ror.org/03g2am276,crossref_registry_raw,2026-10-09
501100003747,100012737,https://ror.org/00b9jhh55,crossref_registry_raw,2026-10-09
501100003752,501100000923,https://ror.org/05mmh0f86,crossref_registry_raw,2026-10-09
501100003763,501100003388,https://ror.org/00dfd1509,crossref_registry_raw,2026-10-09
501100003778,501100015348,https://ror.org/01gdqm013,crossref_registry_raw,2026-10-09
501100003820,501100010846,https://ror.org/018zra666,crossref_registry_raw,2026-10-09
501100003949,100013551,https://ror.org/014wrcz97,crossref_registry_raw,2026-10-09
501100003967,501100015035,https://ror.org/05629dh87,crossref_registry_raw,2026-10-09
501100004027,501100010009,https://ror.org/031tatj48,crossref_registry_raw,2026-10-09
501100004074,100011885,https://ror.org/0220mzb33,crossref_registry_raw,2026-10-09
501100004083,501100003621,https://ror.org/032e49973,crossref_registry_raw,2026-10-09
501100004101,100012117,https://ror.org/059m0aj32,crossref_registry_raw,2026-10-09
501100004203,100012118,https://ror.org/043q8yx54,crossref_registry_raw,2026-10-09
501100004321,100007343,https://ror.org/0547dck29,crossref_registry_raw,2026-10-09
501100004348,501100011727,https://ror.org/02zrae794,crossref_registry_raw,2026-10-09
501100004442,501100004281,https://ror.org/03ha2q922,crossref_registry_raw,2026-10-09
501100004485,501100014831,https://ror.org/050bww094,crossref_registry_raw,2026-10-09
501100004607,100012547,https://ror.org/00dhpdx54,crossref_registry_raw,2026-10-09
501100004636,100011723,https://ror.org/01wes1575,crossref_registry_raw,2026-10-09
501100004701,501100015314,https://ror.org/04gcegc37,crossref_registry_raw,2026-10-09
501100004806,501100010261,https://ror.org/027s68j25,crossref_registry_raw,2026-10-09
501100004826,501100005089,https://ror.org/034k14f91,crossref_registry_raw,2026-10-09
501100004837,100014440,https://ror.org/05r0vyz12,crossref_registry_raw,2026-10-09
501100004843,100019305,https://ror.org/02xzytt36,crossref_registry_raw,2026-10-09
501100004914,501100003122,https://ror.org/031zfq432,crossref_registry_raw,2026-10-09
501100004923,100013465,https://ror.org/0162y2387,crossref_registry_raw,2026-10-09
501100004963,100011102,https://ror.org/00k4n6c32,crossref_registry_raw,2026-10-09
501100004964,100011105,,crossref_registry_raw,2026-10-09
501100004965,100011103,https://ror.org/00k4n6c32,crossref_registry_raw,2026-10-09
501100004966,100011104,,crossref_registry_raw,2026-10-09
501100005029,501100004257,https://ror.org/001212e83,crossref_registry_raw,2026-10-09
501100005081,501100009592,https://ror.org/034k14f91,crossref_registry_raw,2026-10-09
501100005290,501100019981,https://ror.org/03d7sax13,crossref_registry_raw,2026-10-09
501100005315,100007834,https://ror.org/01h0zpd94,crossref_registry_raw,2026-10-09
501100005347,100012112,https://ror.org/007vkej58,crossref_registry_raw,2026-10-09
501100005715,100019468,https://ror.org/01mtcc283,crossref_registry_raw,2026-10-09
501100006009,100019679,https://ror.org/053f2w588,crossref_registry_raw,2026-10-09
501100006065,100031198,https://ror.org/01epcny94,crossref_registry_raw,2026-10-09
501100006067,501100000923,https://ror.org/05mmh0f86,crossref_registry_raw,2026-10-09
501100006105,501100000923,https://ror.org/05mmh0f86,crossref_registry_raw,2026-10-09
501100006332,100007394,https://ror.org/00x20kz95,crossref_registry_raw,2026-10-09
501100006376,501100009848,https://ror.org/026wwrx19,crossref_registry_raw,2026-10-09
501100006480,100009903,https://ror.org/01nqk4x38,crossref_registry_raw,2026-10-09
501100006622,501100001204,https://ror.org/0249yv056,crossref_registry_raw,2026-10-09
501100006626,501100001830,https://ror.org/04qw24q55,crossref_registry_raw,2026-10-09
501100007042,501100002222,https://ror.org/00twbd828,crossref_registry_raw,2026-10-09
501100007112,501100001338,https://ror.org/03p74gp79,crossref_registry_raw,2026-10-09
501100007136,501100003330,https://ror.org/034900433,crossref_registry_raw,2026-10-09
501100007156,501100003452,https://ror.org/04vf9tr09,crossref_registry_raw,2026-10-09
501100007287,100011713,https://ror.org/031tfbz57,crossref_registry_raw,2026-10-09
501100007351,501100010253,https://ror.org/0081fs513,crossref_registry_raw,2026-10-09
501100007468,100008698,https://ror.org/03shjds31,crossref_registry_raw,2026-10-09
501100007471,501100014786,https://ror.org/03j9tzj20,crossref_registry_raw,2026-10-09
501100007495,100009281,https://ror.org/03jf78g10,crossref_registry_raw,2026-10-09
501100007500,100009097,https://ror.org/04fkd7w53,crossref_registry_raw,2026-10-09
501100007555,100011734,https://ror.org/04jrf3m62,crossref_registry_raw,2026-10-09
501100007555,501100008182,https://ror.org/04jrf3m62,crossref_registry_raw,2026-10-09
501100007582,501100007264,https://ror.org/030c55a26,crossref_registry_raw,2026-10-09
501100007601,100010661,https://ror.org/00k4n6c32,crossref_registry_raw,2026-10-09
501100007784,501100005382,https://ror.org/009h5ks85,crossref_registry_raw,2026-10-09
501100007913,100009794,https://ror.org/02qa92s63,crossref_registry_raw,2026-10-09
501100007916,501100001781,https://ror.org/031rekg67,crossref_registry_raw,2026-10-09
501100007920,100013971,,crossref_registry_raw,2026-10-09
501100008161,100011706,https://ror.org/036gts662,crossref_registry_raw,2026-10-09
501100008162,100011705,https://ror.org/04g6r1b21,crossref_registry_raw,2026-10-09
501100008163,100011730,https://ror.org/04tw1mp85,crossref_registry_raw,2026-10-09
501100008164,100011724,https://ror.org/02zcamj98,crossref_registry_raw,2026-10-09
501100008165,100011710,https://ror.org/032rffb92,crossref_registry_raw,2026-10-09
501100008166,100011732,https://ror.org/03tz3v863,crossref_registry_raw,2026-10-09
501100008167,100011704,https://ror.org/04ef2za66,crossref_registry_raw,2026-10-09
501100008168,100011708,https://ror.org/038zhf168,crossref_registry_raw,2026-10-09
501100008169,100011712,https://ror.org/045grz143,crossref_registry_raw,2026-10-09
501100008170,100011729,https://ror.org/046kpcm47,crossref_registry_raw,2026-10-09
501100008171,100011727,https://ror.org/02dq2t044,crossref_registry_raw,2026-10-09
501100008172,100011725,https://ror.org/05vn9ks38,crossref_registry_raw,2026-10-09
501100008173,100011728,https://ror.org/01sdg6680,crossref_registry_raw,2026-10-09
501100008175,100011733,https://ror.org/05bsra506,crossref_registry_raw,2026-10-09
501100008176,100011726,https://ror.org/0109m8c38,crossref_registry_raw,2026-10-09
501100008177,100011707,https://ror.org/05jmp0y43,crossref_registry_raw,2026-10-09
501100008178,100011709,https://ror.org/027fvn224,crossref_registry_raw,2026-10-09
501100008179,100011711,https://ror.org/0578qbf69,crossref_registry_raw,2026-10-09
501100008180,100011731,https://ror.org/015xfeg86,crossref_registry_raw,2026-10-09
501100008182,100011734,https://ror.org/04jrf3m62,crossref_registry_raw,2026-10-09
501100008251,100017430,https://ror.org/04nayfw11,crossref_registry_raw,2026-10-09
501100008258,501100004697,https://ror.org/02ekfbp48,crossref_registry_raw,2026-10-09
501100008367,501100004418,https://ror.org/006e5kg04,crossref_registry_raw,2026-10-09
501100008525,501100012144,https://ror.org/009fw8j44,crossref_registry_raw,2026-10-09
501100008802,100020374,https://ror.org/03fxf3w65,crossref_registry_raw,2026-10-09
501100008810,501100009287,https://ror.org/03tb4gf50,crossref_registry_raw,2026-10-09
501100008811,501100000923,https://ror.org/05mmh0f86,crossref_registry_raw,2026-10-09
501100008840,501100002713,https://ror.org/05gxjyb39,crossref_registry_raw,2026-10-09
501100008861,100011690,https://ror.org/051sgbe98,crossref_registry_raw,2026-10-09
501100008904,100013007,https://ror.org/04yzxz566,crossref_registry_raw,2026-10-09
501100009077,100011950,https://ror.org/04cfmv025,crossref_registry_raw,2026-10-09
501100009110,100010614,https://ror.org/04se5nn61,crossref_registry_raw,2026-10-09
501100009288,501100025550,https://ror.org/030p9nw74,crossref_registry_raw,2026-10-09
501100009294,501100000923,https://ror.org/05mmh0f86,crossref_registry_raw,2026-10-09
501100009296,501100009188,https://ror.org/036ccg086,crossref_registry_raw,2026-10-09
501100009310,501100009271,https://ror.org/04mr78v45,crossref_registry_raw,2026-10-09
501100009509,501100010447,https://ror.org/03sxt1c89,crossref_registry_raw,2026-10-09
501100009539,501100009538,https://ror.org/007tjaq50,crossref_registry_raw,2026-10-09
501100009611,501100012105,,crossref_registry_raw,2026-10-09
501100009731,100012556,https://ror.org/00xs3qr03,crossref_registry_raw,2026-10-09
501100009733,501100009789,https://ror.org/00mskh452,crossref_registry_raw,2026-10-09
501100009820,501100002738,https://ror.org/00pg5jh14,crossref_registry_raw,2026-10-09
501100009933,100012561,https://ror.org/03mh7j916,crossref_registry_raw,2026-10-09
501100009976,100012546,https://ror.org/05w9erc61,crossref_registry_raw,2026-10-09
501100010011,501100010246,https://ror.org/04ac0qk71,crossref_registry_raw,2026-10-09
501100010012,501100004750,https://ror.org/01qwh7a74,crossref_registry_raw,2026-10-09
501100010012,501100012130,https://ror.org/01qwh7a74,crossref_registry_raw,2026-10-09
501100010032,501100009564,https://ror.org/00kx6j950,crossref_registry_raw,2026-10-09
501100010202,501100012134,,crossref_registry_raw,2026-10-09
501100010209,501100003476,https://ror.org/03ymhqy66,crossref_registry_raw,2026-10-09
501100010218,501100010892,https://ror.org/05tgxx705,crossref_registry_raw,2026-10-09
501100010221,501100004681,https://ror.org/038y3sz68,crossref_registry_raw,2026-10-09
501100010224,501100012174,,crossref_registry_raw,2026-10-09
501100010240,501100012325,https://ror.org/04m0ms912,crossref_registry_raw,2026-10-09
501100010252,100007771,https://ror.org/005k7hp45,crossref_registry_raw,2026-10-09
501100010489,501100007179,https://ror.org/05b9pgt88,crossref_registry_raw,2026-10-09
501100010527,501100004418,https://ror.org/006e5kg04,crossref_registry_raw,2026-10-09
501100010659,501100003061,https://ror.org/018906e22,crossref_registry_raw,2026-10-09
501100010950,501100011447,https://ror.org/058p20n09,crossref_registry_raw,2026-10-09
501100011134,501100011217,https://ror.org/059ymf107,crossref_registry_raw,2026-10-09
501100011194,501100010875,https://ror.org/05etnz140,crossref_registry_raw,2026-10-09
501100011359,501100008862,https://ror.org/030d08e08,crossref_registry_raw,2026-10-09
501100011432,501100022017,,crossref_registry_raw,2026-10-09
501100011809,501100006462,https://ror.org/0327f3359,crossref_registry_raw,2026-10-09
501100011844,501100011787,https://ror.org/031tatj48,crossref_registry_raw,2026-10-09
501100011958,501100004836,https://ror.org/05svhj534,crossref_registry_raw,2026-10-09
501100012052,501100009321,https://ror.org/0229nk184,crossref_registry_raw,2026-10-09
501100012294,501100012456,https://ror.org/04m0ms912,crossref_registry_raw,2026-10-09
501100012310,501100007536,https://ror.org/013cdqc34,crossref_registry_raw,2026-10-09
501100012334,501100012231,https://ror.org/023rhb549,crossref_registry_raw,2026-10-09
501100012659,501100001809,https://ror.org/01h0zpd94,crossref_registry_raw,2026-10-09
501100012707,501100013995,https://ror.org/04cx3ye04,crossref_registry_raw,2026-10-09
501100013082,501100007538,https://ror.org/05gfwht30,crossref_registry_raw,2026-10-09
501100013168,501100004007,https://ror.org/005ta0471,crossref_registry_raw,2026-10-09
501100013294,501100013295,https://ror.org/00cfam450,crossref_registry_raw,2026-10-09
501100013305,100014814,https://ror.org/02qrm2a52,crossref_registry_raw,2026-10-09
501100013845,501100005026,https://ror.org/01h3dr788,crossref_registry_raw,2026-10-09
501100014137,501100008750,https://ror.org/02zrtve16,crossref_registry_raw,2026-10-09
501100014172,501100010813,https://ror.org/020fr6y52,crossref_registry_raw,2026-10-09
501100014269,501100005297,https://ror.org/00y4ya841,crossref_registry_raw,2026-10-09
501100014570,501100004071,https://ror.org/03cq4gr50,crossref_registry_raw,2026-10-09
501100014915,501100024092,,crossref_registry_raw,2026-10-09
501100014937,100016069,https://ror.org/00jrmpf38,crossref_registry_raw,2026-10-09
501100015047,501100010954,https://ror.org/026sv7t11,crossref_registry_raw,2026-10-09
501100015262,501100003388,https://ror.org/00dfd1509,crossref_registry_raw,2026-10-09
501100015277,501100003202,https://ror.org/02pnc0262,crossref_registry_raw,2026-10-09
501100015310,100009110,https://ror.org/01h0zpd94,crossref_registry_raw,2026-10-09
501100015361,501100011332,https://ror.org/05qbk4x57,crossref_registry_raw,2026-10-09
501100015510,501100013808,https://ror.org/01t8prc81,crossref_registry_raw,2026-10-09
501100016036,501100006289,https://ror.org/03wb8xz10,crossref_registry_raw,2026-10-09
501100016073,501100012130,https://ror.org/01qwh7a74,crossref_registry_raw,2026-10-09
501100016211,501100006002,https://ror.org/01dvabv26,crossref_registry_raw,2026-10-09
501100017506,501100000320,https://ror.org/0472gwq90,crossref_registry_raw,2026-10-09
501100018651,100017164,https://ror.org/03d0jkp23,crossref_registry_raw,2026-10-09
501100018834,501100019346,,crossref_registry_raw,2026-10-09
501100020191,100017924,,crossref_registry_raw,2026-10-09
501100020192,100017925,,crossref_registry_raw,2026-10-09
501100020195,100017927,https://ror.org/0524sp257,crossref_registry_raw,2026-10-09
501100020448,501100007845,https://ror.org/04qr5t414,crossref_registry_raw,2026-10-09
501100022104,501100008093,https://ror.org/02grkyz14,crossref_registry_raw,2026-10-09
501100022370,100016270,https://ror.org/001aqnf71,crossref_registry_raw,2026-10-09
501100022587,501100004506,https://ror.org/046awyn59,crossref_registry_raw,2026-10-09
501100022938,100011302,https://ror.org/03g60bf21,crossref_registry_raw,2026-10-09
501100023561,100014440,https://ror.org/05r0vyz12,crossref_registry_raw,2026-10-09
501100023690,501100003207,https://ror.org/032e6b942,crossref_registry_raw,2026-10-09
501100023991,100021026,,crossref_registry_raw,2026-10-09
501100024042,100020943,,crossref_registry_raw,2026-10-09
501100024068,100022762,https://ror.org/00yq55g44,crossref_registry_raw,2026-10-09
501100024113,100009574,https://ror.org/02qsmb048,crossref_registry_raw,2026-10-09
501100024210,100022726,,crossref_registry_raw,2026-10-09
