raw_author_name	normalized_last	normalized_first	first_initial	normalized_middle	middle_initials	population_freq	log10_freq	est_humans
Raoof Memon Aamir	aamir	raoof	r	memon	m	0.000000000000000	-15.93	0.0000
kelly M. Lohr	lohr	kelly	k		m	0.000000000090056	-10.05	0.7295
Sadi  Md. Shahriar	shahriar	sadi	s		md	0.000000000002270	-11.64	0.0184
Al Fayed, Muhammad Gilang	al fayed	muhammad	m	gilang	g	0.000000000000002	-14.61	0.0000
L Morimoto	morimoto		l			0.000000054162045	-7.27	438.7126
GÜZELKÜÇÜK, SELAHATTİN	selahattin	guzelkucuk	g			0.000000000001000	-12.00	0.0081
Sahara, Sahara; Minot, Nicholas; Stringer, Randy; Umberger, Wendy J.	sahara	sahara	s	minot	m	0.000000000000000	-16.02	0.0000
Suarez-Hernando, O.	suarez-hernando		o			0.000000011068470	-7.96	89.6546
Турсунов Бобирбек Ғофуржон ўғли	ugli	tursunov	t	bobirbek gofurzhon	b	0.000000000000000	-18.00	0.0000
Tobias M. Schmidt (16455423)	schmidt	tobias	t		m	0.000000001364100	-8.87	11.0492
Thandoni, Aditya	thandoni	aditya	a			0.000000000872402	-9.06	7.0665
Davison, Halley N	davison	halley	h		n	0.000000000001904	-11.72	0.0154
Ginno Andrés Urrutia Olate	olate	ginno	g	andres urrutia	a	0.000000000000000	-18.00	0.0000
Philip Metschan	metschan	philip	p			0.000000000222971	-9.65	1.8061
Heras González, Nerea	heras gonzalez	nerea	n			0.000000000019772	-10.70	0.1602
Pratibha Shivalgond Dharmarao	dharmarao	pratibha	p	shivalgond	s	0.000000000000000	-16.52	0.0000
Kaste, P	kaste		p			0.000000028997808	-7.54	234.8822
Langkau, Jörg	langkau	jorg	j			0.000000000038597	-10.41	0.3126
渋沢栄	shibui	ze rong	z			0.000000000001000	-12.00	0.0081
Yurisa Ayudhira Putri, -	yurisa ayudhira putri		-			0.000000000001000	-12.00	0.0081
Richard S. Floyd	floyd	richard	r		s	0.000000001433592	-8.84	11.6121
Crystal Rage	rage	crystal	c			0.000000000662722	-9.18	5.3681
Elitaş Sandık, Sümeyye	elitas sandik	sumeyye	s			0.000000000015093	-10.82	0.1223
Correa, Grace	correa	grace	g			0.000000043070688	-7.37	348.8726
Suwanpukdee, S	suwanpukdee		s			0.000000077489340	-7.11	627.6637
Phromsida, Chumphot	phromsida	chumphot	c			0.000000000001000	-12.00	0.0081
Hernandez Ortiz, Lizeth Paola	hernandez ortiz	lizeth	l	paola	p	0.000000000000007	-14.18	0.0001
(清)黃鉞撰	huang yue zhuan					0.000001000000000	-6.00	8100.0000
Ana R Gaio	gaio	ana	a		r	0.000000000053458	-10.27	0.4330
Zhong Chen, (14001781)	chen	zhong	z			0.000001159146843	-5.94	9389.0894
Turan, Merve G.	turan	merve	m		g	0.000000000104885	-9.98	0.8496
Kathleen E Bickel	bickel	kathleen	k		e	0.000000000004661	-11.33	0.0378
Stephan Weth	weth	stephan	s			0.000000000085187	-10.07	0.6900
F. Cristea	cristea		f			0.000000140987543	-6.85	1141.9991
Parth Laxman Mhatre	mhatre	parth	p	laxman	l	0.000000000000673	-12.17	0.0055
J.-Y. Juban	juban	j-y	j			0.000000000001000	-12.00	0.0081
Eileen M. Ama	ama	eileen	e		m	0.000000000058014	-10.24	0.4699
James A. Morrell	morrell	james	j		a	0.000000000473162	-9.32	3.8326
Satsyuk Ivan	ivan	satsyuk	s			0.000000000060246	-10.22	0.4880
Christian B Hochhalter	hochhalter	christian	c		b	0.000000000030088	-10.52	0.2437
Vásquez Estrada	estrada	vasquez	v			0.000000000119396	-9.92	0.9671
Isaac-Millán, Melissa	isaac-millan	melissa	m			0.000000000342647	-9.47	2.7754
陶晓波	tao	xiao bo	x			0.000000000403554	-9.39	3.2688
Brylowski, Anna	brylowski	anna	a			0.000000000900509	-9.05	7.2941
Mario Cottereau	cottereau	mario	m			0.000000000534205	-9.27	4.3271
Begoña de Andrés‐Gimeno	de andres-gimeno	begona	b			0.000000000010315	-10.99	0.0836
Zeng, Q.B.;	zeng	qb	q			0.000000000005722	-11.24	0.0464
Berdiyarov Ulmasbek	ulmasbek	berdiyarov	b			0.000000000001000	-12.00	0.0081
HA Koteiche	koteiche	ha	h			0.000000000155536	-9.81	1.2598
L. Cordón	cordon		l			0.000000342429069	-6.47	2773.6755
Mol-Alma, Harma J.	mol-alma	harma	h		j	0.000000000000094	-13.03	0.0008
DANIEL  REBETEZ	rebetez	daniel	d			0.000000002323858	-8.63	18.8233
Rastelli, Jessica	rastelli	jessica	j			0.000000000913589	-9.04	7.4001
Ejército Popular de la República. 153 Brigada Mixta (España)	de la republica brigada mixta	ejercito	e	popular	p	0.000000000000000	-17.10	0.0000
Loyd C. Mitchell	mitchell	loyd	l		c	0.000000000037825	-10.42	0.3064
E. Maragliano	maragliano		e			0.000000033222746	-7.48	269.1042
Sandra Stringfellow	stringfellow	sandra	s			0.000000000623460	-9.21	5.0500
Agazzi, Pamela	agazzi	pamela	p			0.000000000199538	-9.70	1.6163
Gonera-de Jong Bc	bc	gonera-de	g	jong	j	0.000000000000000	-16.99	0.0000
Sail, Genevieve Duriaux	sail	genevieve	g	duriaux	d	0.000000000000000	-15.82	0.0000
Anja Gatterbauer	gatterbauer	anja	a			0.000000000162192	-9.79	1.3138
Irene Gspörer	gsporer	irene	i			0.000000000209734	-9.68	1.6988
Garnero P	p	garnero	g			0.000000000001000	-12.00	0.0081
None Methinee Rarunroeng	rarunroeng	none	n	methinee	m	0.000000000000000	-17.52	0.0000
Agnieszka Fil	fil	agnieszka	a			0.000000000167016	-9.78	1.3528
Clément Comminges (4457818)	comminges	clement	c			0.000000000115899	-9.94	0.9388
None Ahmad Manasrah	manasrah	none	n	ahmad	a	0.000000000000004	-14.45	0.0000
Emily A. Eikey (8452800)	eikey	emily	e		a	0.000000000035892	-10.45	0.2907
Bishay MN	mn	bishay	b			0.000000000001000	-12.00	0.0081
Sheida Rabipour	rabipour	sheida	s			0.000000000001397	-11.85	0.0113
R Kvi'	kvi		r			0.000000045675729	-7.34	369.9734
Moret Be	be	moret	m			0.000000000043275	-10.36	0.3505
Van Hellemont, Jan	van hellemont	jan	j			0.000000000357507	-9.45	2.8958
E Cothran	cothran		e			0.000000033222746	-7.48	269.1042
Jerome Marin	marin	jerome	j			0.000000016726792	-7.78	135.4870
Maureen E. Hillenmeyer	hillenmeyer	maureen	m		e	0.000000000002426	-11.62	0.0196
Dalpiaz A	a	dalpiaz	d			0.000000000004006	-11.40	0.0325
Mullenders, L	mullenders		l			0.000000049094945	-7.31	397.6691
OʼBrien, Eoin	obrien	eoin	e			0.000000000071146	-10.15	0.5763
Brätter C	c	bratter	b			0.000000000001000	-12.00	0.0081
松井健史	song	jing jian shi	j			0.000000001409373	-8.85	11.4159
Maryna de Wet	de wet	maryna	m			0.000000000024374	-10.61	0.1974
Norlander, Therese	norlander	therese	t			0.000000000024219	-10.62	0.1962
Sang-Ui Choi	choi	sang-ui	s			0.000000000333065	-9.48	2.6978
Kundu, Jogendra Nath	kundu	jogendra	j	nath	n	0.000000000000013	-13.89	0.0001
P Healsey	healsey		p			0.000000028997808	-7.54	234.8822
Delgado, Leonardo Ordoñez	delgado	leonardo	l	ordonez	o	0.000000000000061	-13.21	0.0005
Irma Elizabeth Tapia Zapata	zapata	irma	i	elizabeth tapia	e	0.000000000000004	-14.40	0.0000
Easton, Victoria	easton	victoria	v			0.000000001993775	-8.70	16.1496
R. G. B. Williams	williams		r		gb	0.000000032827616	-7.48	265.9037
Larry Franz	franz	larry	l			0.000000002267397	-8.64	18.3659
Maitra, Prithwiraj	maitra	prithwiraj	p			0.000000000017604	-10.75	0.1426
Mitch Levesque	levesque	mitch	m			0.000000000360288	-9.44	2.9183
Basik, Megha	basik	megha	m			0.000000000091920	-10.04	0.7446
YU Jianyong	jianyong	yu	y			0.000000000528300	-9.28	4.2792
Lardot, H	lardot		h			0.000000036445871	-7.44	295.2116
Micheline Champoux	champoux	micheline	m			0.000000000006458	-11.19	0.0523
Atlanta Historical Society	society	atlanta	a	historical	h	0.000000000000000	-17.51	0.0000
A. LOUBATIÈRES	loubatieres		a			0.000000094545605	-7.02	765.8194
Kasturi .		kasturi	k			0.000000000007092	-11.15	0.0574
Al-Shammari, Afaf	al-shammari	afaf	a			0.000000000110161	-9.96	0.8923
Wessels, PPF	wessels	ppf	p			0.000000000009290	-11.03	0.0753
Fien De Block	de block	fien	f			0.000000000001201	-11.92	0.0097
Temel Sinan	sinan	temel	t			0.000000000020292	-10.69	0.1644
Anup Singh Beniwal	beniwal	anup	a	singh	s	0.000000000000009	-14.05	0.0001
Dixon,R  S	dixon		r		s	0.000000263981408	-6.58	2138.2494
Jhoselyn Yomar Granda Reinoso	reinoso	jhoselyn	j	yomar granda	y	0.000000000000000	-16.78	0.0000
R Bochicchio	bochicchio		r			0.000000045675729	-7.34	369.9734
Gui Xiujuan	xiujuan	gui	g			0.000000000065172	-10.19	0.5279
Nuraje, Aygul	nuraje	aygul	a			0.000000000003331	-11.48	0.0270
None Shuchi Wei	wei	none	n	shuchi	s	0.000000000000024	-13.62	0.0002
Drs J. L. Thijs	thijs	drs	d		jl	0.000000000000005	-14.34	0.0000
X. Rabattu	rabattu		x			0.000000021626002	-7.67	175.1706
Solomon, Kiflom	solomon	kiflom	k			0.000000000537360	-9.27	4.3526
Pugach, Mikhail	pugach	mikhail	m			0.000000000041824	-10.38	0.3388
Bashi Devnarain	devnarain	bashi	b			0.000000000003782	-11.42	0.0306
Göktürk, H.S.	gokturk	hs	h			0.000000000003768	-11.42	0.0305
Jan Keidel	keidel	jan	j			0.000000000357507	-9.45	2.8958
Juhi Goenka	goenka	juhi	j			0.000000000712338	-9.15	5.7699
Cheng‐Xin Fu	fu	cheng-xin	c			0.000000000599923	-9.22	4.8594
陳詠棠	chen	yong tang	y			0.000000008559499	-8.07	69.3319
Ayatnya Rasul	rasul	ayatnya	a			0.000000000017450	-10.76	0.1413
柳 霞	xia	liu	l			0.000000027575488	-7.56	223.3615
Fauzan Ariga	ariga	fauzan	f			0.000000000118659	-9.93	0.9611
Muhaemin, Ssy, Nim.	muhaemin	ssy	s			0.000000000001000	-12.00	0.0081
Ortel, T.	ortel		t			0.000000036006171	-7.44	291.6500
Vargas, Eddie	vargas	eddie	e			0.000000039820696	-7.40	322.5476
Célia Bellache	bellache	celia	c			0.000000000055896	-10.25	0.4528
Nourah Alajaji	alajaji	nourah	n			0.000000000003686	-11.43	0.0299
Willingham Arve L	l	willingham	w	arve	a	0.000000000000000	-18.00	0.0000
Eui-Seung Hwan	hwan	eui-seung	e			0.000000000001033	-11.99	0.0084
Andrés Rosero	rosero	andres	a			0.000000004330516	-8.36	35.0772
Lupaºc Adrian	adrian	lupaoc	l			0.000000000049318	-10.31	0.3995
Alfonso Hernández Laguna	laguna	alfonso	a	hernandez	h	0.000000000000009	-14.05	0.0001
Nurminen, Siri	nurminen	siri	s			0.000000000009834	-11.01	0.0797
Carrie M. Scott	scott	carrie	c		m	0.000000001184262	-8.93	9.5925
E Gherdan	gherdan		e			0.000000033222746	-7.48	269.1042
Fornea, Adam P.	fornea	adam	a		p	0.000000000021938	-10.66	0.1777
LESUISSE, Olivier	lesuisse	olivier	o			0.000000000163009	-9.79	1.3204
Shylo, Vladimir	shylo	vladimir	v			0.000000000490180	-9.31	3.9705
vbgfhfdghfg		vbgfhfdghfg	v			0.000000000001000	-12.00	0.0081
Raimundo Denis dos Santos Lima	dos santos lima	raimundo	r	denis	d	0.000000000000009	-14.07	0.0001
晃弘 下川	xia chuan	huang hong	h			0.000000000001000	-12.00	0.0081
Satı Hasibe Akdeniz	akdeniz	sati	s	hasibe	h	0.000000000000000	-16.51	0.0000
CH VRS Gopala Krishna	krishna	ch	c	vrs gopala	v	0.000000000000042	-13.38	0.0003
Chang, Boon Chiao	chang	boon	b	chiao	c	0.000000000000003	-14.59	0.0000
Bensaid\n, \nN.	bensaidn	nn	n			0.000000000001000	-12.00	0.0081
Zhaunerchyk, V.;	zhaunerchyk		v			0.000000015176278	-7.82	122.9279
Manzorro, R.	manzorro		r			0.000000045675729	-7.34	369.9734
Klein, Chiara	klein	chiara	c			0.000000006577627	-8.18	53.2788
J. J. Gurewitsch	gurewitsch		j		j	0.000000008815195	-8.05	71.4031
Nancy H. Bullock	bullock	nancy	n		h	0.000000000139156	-9.86	1.1272
Delgadillo, Cristóbal	delgadillo	cristobal	c			0.000000000363966	-9.44	2.9481
Valeria Guaschino	guaschino	valeria	v			0.000000000186512	-9.73	1.5107
Cortes Guerrero, Jairo Daniel	cortes guerrero	jairo	j	daniel	d	0.000000000000129	-12.89	0.0010
Jönsson, Karolin	jonsson	karolin	k			0.000000000040895	-10.39	0.3313
Román Rodríguez, Pablo	roman rodriguez	pablo	p			0.000000000442361	-9.35	3.5831
Pereira,Maria Eloá Moreira da Silva Martins	pereira	maria	m	eloa moreira da silva martins	e	0.000000000000394	-12.40	0.0032
Amir Paisal, Muhammad Sufyan	amir paisal	muhammad	m	sufyan	s	0.000000000000101	-13.00	0.0008
Affordable Books	books	affordable	a			0.000000000020595	-10.69	0.1668
Appriliani Amaliah Diah	diah	appriliani	a	amaliah	a	0.000000000000000	-17.08	0.0000
克行 二村	er cun	ke xing	k			0.000000000001000	-12.00	0.0081
Abel Romero‐Corral	romero-corral	abel	a			0.000000000232262	-9.63	1.8813
Pang, Yanmei	pang	yanmei	y			0.000000001152071	-8.94	9.3318
정원제 ( Won Je Jeong )	jeongweonje					0.000001000000000	-6.00	8100.0000
Akten des 1. Trierer Symposiums zur antiken Wirtschaftsgeschichte	wirtschaftsgeschichte	akten	a	des trierer symposiums zur antiken	d	0.000000000000000	-18.00	0.0000
\n    Rubagotti, Angelo,\n    ed.\n	n rubagotti	angelo	a			0.000000000161406	-9.79	1.3074
Butler, Joseph (1692-1752). Auteur du texte	butler	joseph	j	auteur du texte	a	0.000000000000062	-13.21	0.0005
Schaufelberger J	j	schaufelberger	s			0.000000000001000	-12.00	0.0081
Thomas A. Scartabello	scartabello	thomas	t		a	0.000000000075644	-10.12	0.6127
Ripoll Martínez, Carla	ripoll martinez	carla	c			0.000000000234012	-9.63	1.8955
Noel P. Learmonth	learmonth	noel	n		p	0.000000000003372	-11.47	0.0273
V. Pilosoff	pilosoff		v			0.000000015176278	-7.82	122.9279
In-der-Aue, Roland	in-der-aue	roland	r			0.000000000109444	-9.96	0.8865
W Thoma	thoma		w			0.000000058781354	-7.23	476.1290
V. Nepomnyaschy	nepomnyaschy		v			0.000000015176278	-7.82	122.9279
G Rederer	rederer		g			0.000000033236125	-7.48	269.2126
Andrzej Åazarenkow	aazarenkow	andrzej	a			0.000000000052200	-10.28	0.4228
Sirpa Levo-Aaltonen	levo-aaltonen	sirpa	s			0.000000000001105	-11.96	0.0090
Dhanasekaran, Aatheethyaa	dhanasekaran	aatheethyaa	a			0.000000000004182	-11.38	0.0339
None Afshan Amin Khan	khan	none	n	afshan amin	a	0.000000000000024	-13.62	0.0002
Wang, Xu Wen	wang	xu	x	wen	w	0.000000000477844	-9.32	3.8705
Cabrera Morocho, Magaly Katherine	cabrera morocho	magaly	m	katherine	k	0.000000000000002	-14.70	0.0000
Costa-Belussi, Simone Emmanuelle Alves	costa-belussi	simone	s	emmanuelle alves	e	0.000000000000000	-15.77	0.0000
Vernooij, Eva	vernooij	eva	e			0.000000000265838	-9.58	2.1533
Stantejsky, Dominik	stantejsky	dominik	d			0.000000000084347	-10.07	0.6832
Kraibhumi Thongpan	thongpan	kraibhumi	k			0.000000000001000	-12.00	0.0081
柱亭 张	zhang	zhu ting	z			0.000000011576042	-7.94	93.7659
Laufey Jóhannsdóttir 1960		laufey	l	johannsdottir	j	0.000000000000000	-18.00	0.0000
Ayestaran Uriarte, Jon	ayestaran uriarte	jon	j			0.000000000268547	-9.57	2.1752
G. N. Kuptsova	kuptsova		g		n	0.000000000904336	-9.04	7.3251
Hao‐Ran Huang	huang	hao-ran	h			0.000000004296769	-8.37	34.8038
Jenna Altomonte	altomonte	jenna	j			0.000000000071871	-10.14	0.5822
Rasmussen, Anni	rasmussen	anni	a			0.000000000378161	-9.42	3.0631
Josko Jelicic	jelicic	josko	j			0.000000000001000	-12.00	0.0081
Nora Köster-eiserfunke	koster-eiserfunke	nora	n			0.000000000109150	-9.96	0.8841
ANNA AYUDINA, 113050027	anna	ayudina	a			0.000000000044633	-10.35	0.3615
MARY ANNE CAREY	carey	mary	m	anne	a	0.000000000003665	-11.44	0.0297
Ngo Van Uc	van uc	ngo	n			0.000000000025903	-10.59	0.2098
Pinkard, Libby	pinkard	libby	l			0.000000000020340	-10.69	0.1648
Charles Seymour (21213354)	seymour	charles	c			0.000000006539986	-8.18	52.9739
Hallmann Nadine	nadine	hallmann	h			0.000000000007144	-11.15	0.0579
Vladimir Larichev	larichev	vladimir	v			0.000000000490180	-9.31	3.9705
Min Luan (10808214)	luan	min	m			0.000000018161714	-7.74	147.1099
MARIA DE MONTSERRATH MEDINA ACOSTA	de montserrath medina acosta	maria	m			0.000000000987118	-9.01	7.9957
Stéphanie Duthoy (823257)	duthoy	stephanie	s			0.000000000379665	-9.42	3.0753
Carroll Hood	hood	carroll	c			0.000000000192964	-9.71	1.5630
Igwenyi, I.O	igwenyi	io	i			0.000000000001000	-12.00	0.0081
Andrii Vakal	vakal	andrii	a			0.000000000010081	-11.00	0.0817
Kadri Rizwan	rizwan	kadri	k			0.000000000611299	-9.21	4.9515
COHENTERVAERT, JW	cohentervaert	jw	j			0.000000000006824	-11.17	0.0553
Inseparable Time Evolution	evolution	inseparable	i	time	t	0.000000000000000	-16.76	0.0000
Abiri, M.	abiri		m			0.000000192837146	-6.71	1561.9809
Синещеков Виктор Ефимович	efimovich	sineshchekov	s	viktor	v	0.000000000000000	-15.77	0.0000
В.С. Шелистов	shelistov	vs	v			0.000000000001000	-12.00	0.0081
Bahijjatu Bello-Garko	bello-garko	bahijjatu	b			0.000000000001000	-12.00	0.0081
A. S. Białynicka	bialynicka		a		s	0.000000007326277	-8.14	59.3428
Nunzio Lorè	lore	nunzio	n			0.000000000017092	-10.77	0.1384
Óscar Augusto Solari Ruiz-Eldredge	ruiz-eldredge	oscar	o	augusto solari	a	0.000000000000000	-15.35	0.0000
Krahl, D.	krahl		d			0.000000049281217	-7.31	399.1779
M. K. Kenjaliyev	kenjaliyev		m		k	0.000000003456054	-8.46	27.9940
Yacine Ait Yahia	yahia	yacine	y	ait	a	0.000000000000007	-14.13	0.0001
Özler, Mustafa	ozler	mustafa	m			0.000000000693656	-9.16	5.6186
Yuan Hsuan Lee	lee	yuan	y	hsuan	h	0.000000000000560	-12.25	0.0045
Kristopher Lundine (22268140)	lundine	kristopher	k			0.000000000010820	-10.97	0.0876
Mammadov, Vugar Mammadhuseyn	mammadov	vugar	v	mammadhuseyn	m	0.000000000000000	-15.66	0.0000
D C Beasley	beasley		d		c	0.000000032746607	-7.48	265.2475
Sameena Naz	naz	sameena	s			0.000000000184282	-9.73	1.4927
Nikolas Thomas	thomas	nikolas	n			0.000000008362875	-8.08	67.7393
Tordis Broch	broch	tordis	t			0.000000000001000	-12.00	0.0081
G. Pasda	pasda		g			0.000000033236125	-7.48	269.2126
Keepers, Kyle Garrett	keepers	kyle	k	garrett	g	0.000000000000013	-13.89	0.0001
Seyyed Rezvan Moeinossadat	moeinossadat	seyyed	s	rezvan	r	0.000000000000000	-16.92	0.0000
Janelidze, Davit	janelidze	davit	d			0.000000000006896	-11.16	0.0559
M. Baigmohammadi	baigmohammadi		m			0.000000092036334	-7.04	745.4943
FArivm		farivm	f			0.000000000001000	-12.00	0.0081
Annahita Sedghi; Timo Siepmann; Lars-Peder Pallesen; Heinz Reichmann; Volker Puetz; Jessica Barlinn; Kristian Barlinn	barlinn	annahita	a	sedghi timo siepmann lars-peder pallesen heinz reichmann volker puetz jessica barlinn kristian	s	0.000000000000000	-18.00	0.0000
Schaffer, Susanna	schaffer	susanna	s			0.000000000196772	-9.71	1.5939
Zettler C	c	zettler	z			0.000000000001000	-12.00	0.0081
Gemälde-Galerie Abels	abels	gemalde-galerie	g			0.000000000002043	-11.69	0.0165
Fleishman, Gregory D.	fleishman	gregory	g		d	0.000000000005820	-11.24	0.0471
SAIDI R	saidi		r			0.000001854035717	-5.73	15017.6893
Moreira,Andréia Donza Rezende	moreira	andreia	a	donza rezende	d	0.000000000000006	-14.22	0.0000
Bassam Anazi	anazi	bassam	b			0.000000000039300	-10.41	0.3183
Kamer, Amal M. Abo	kamer	amal	a	m abo	m	0.000000000000000	-15.52	0.0000
Franceschini, Pietro	franceschini	pietro	p			0.000000000167840	-9.78	1.3595
Hernan G Vasquez	vasquez	hernan	h		g	0.000000000373005	-9.43	3.0213
L F. Macdonald	macdonald		l		f	0.000000065897495	-7.18	533.7697
Charles  Akiya Oyoo	oyoo	charles	c	akiya	a	0.000000000000003	-14.50	0.0000
Naranjo - Zafra, María Ángela	naranjo - zafra	maria	m	angela	a	0.000000000000382	-12.42	0.0031
Alicia Diaz-Gil 1, Olga Kozlowska 2, Sarah Pendlebury 3	alicia diaz-gil	olga	o	kozlowska	k	0.000000000000001	-15.10	0.0000
AVCI, Ümmühan; Bartın Üniversitesi	avci	ummuhan	u	bartin universitesi	b	0.000000000000000	-16.13	0.0000
Nakazawa, Yuki (author)	nakazawa	yuki	y			0.000000001615544	-8.79	13.0859
Hauw JJ	jj	hauw	h			0.000000000019924	-10.70	0.1614
Patrícia Puccinelli Orlandi	orlandi	patricia	p	puccinelli	p	0.000000000000003	-14.60	0.0000
Guiying Ruan	ruan	guiying	g			0.000000000735312	-9.13	5.9560
Quinteros Vásquez, Brian Mark	quinteros vasquez	brian	b	mark	m	0.000000000000691	-12.16	0.0056
Шевцов, М. Ю.	shevtsov		m	iu	i	0.000000000000572	-12.24	0.0046
MASCITELLI, ELEONORA	eleonora	mascitelli	m			0.000000000001324	-11.88	0.0107
van der Meel, Roy; https://orcid.org/0000-0002-2200-7946	van der meel	roy	r	httpsorcidorg---	h	0.000000000000000	-15.77	0.0000
FSBEI HE “Saint Petersburg State University of Veterinary Medicine” (FSBEI HE SPbSUVM), S.-Petersburg, Russia	fsbei	he	h	saint petersburg state university of veterinary medicine fsbei he spbsuvm s-petersburg russia	s	0.000000000000000	-15.98	0.0000
John C. Defries	defries	john	j		c	0.000000000107687	-9.97	0.8723
Desportes Jm	jm	desportes	d			0.000000000001000	-12.00	0.0081
Gnter Holthaus	holthaus	gnter	g			0.000000000001000	-12.00	0.0081
Piña, Lola	pina	lola	l			0.000000003198687	-8.50	25.9094
Filali, Youssef	filali	youssef	y			0.000000001830736	-8.74	14.8290
Razieh Sharifmoghadasi	sharifmoghadasi	razieh	r			0.000000000001607	-11.79	0.0130
Macklin, E.A.	macklin	ea	e			0.000000000014626	-10.83	0.1185
Jordi Blade	blade	jordi	j			0.000000000600404	-9.22	4.8633
Karin Rossnagel	rossnagel	karin	k			0.000000000069990	-10.15	0.5669
Yongxin Tan	tan	yongxin	y			0.000000045485718	-7.34	368.4343
Khaled Talbi	talbi	khaled	k			0.000000002944694	-8.53	23.8520
Faradiva Fannysah Zahwa	zahwa	faradiva	f	fannysah	f	0.000000000000000	-17.85	0.0000
C. Figueiredo, Paulo Roberto	c figueiredo	paulo	p	roberto	r	0.000000000000133	-12.87	0.0011
Cherrie, George K.	cherrie	george	g		k	0.000000000033139	-10.48	0.2684
Hatton Ls	ls	hatton	h			0.000000000001000	-12.00	0.0081
Anibal Magalhães-Neto	magalhaes-neto	anibal	a			0.000000000027993	-10.55	0.2267
Watson,  A. R.	watson		a		r	0.000000633041263	-6.20	5127.6342
谢卓琴	xie	zhuo qin	z			0.000000002514213	-8.60	20.3651
Puclowski, Chad William	puclowski	chad	c	william	w	0.000000000000055	-13.26	0.0004
J. Phalen	phalen		j			0.000000093889272	-7.03	760.5031
Sunder-Plassmann, V	sunder-plassmann		v			0.000000015176278	-7.82	122.9279
Elliot, Daniel Giraud, 1835- [from old catalog]	elliot	daniel	d	giraud	g	0.000000000000091	-13.04	0.0007
Sicre, Emmanuel	sicre	emmanuel	e			0.000000000865396	-9.06	7.0097
Wen-Fang Hu (3051174)	hu	wen-fang	w			0.000000002152446	-8.67	17.4348
HaiWon Yoo	yoo	haiwon	h			0.000000000049473	-10.31	0.4007
T. Yu. Leshchinskaya	leshchinskaya		t	yu	y	0.000000000019022	-10.72	0.1541
Paula Moreno Cornudella, David Cosialls Almeida	paula moreno cornudella	david	d	cosialls almeida	c	0.000000000000003	-14.59	0.0000
Agia T. Andriani, -	agia t andriani		-			0.000000000001000	-12.00	0.0081
ElaineKay		elainekay	e			0.000000000001000	-12.00	0.0081
Gotti, Laura	gotti	laura	l			0.000000004495531	-8.35	36.4138
Croft, Hazel	croft	hazel	h			0.000000000743428	-9.13	6.0218
tmyklcjq		tmyklcjq	t			0.000000000001000	-12.00	0.0081
David Olster	olster	david	d			0.000000002565024	-8.59	20.7767
\n    Makarova, Elena Aleksandrovna.\n	n makarova	elena	e	aleksandrovnan	a	0.000000000000001	-14.96	0.0000
Ponzi, Carolina C.	ponzi	carolina	c		c	0.000000000017060	-10.77	0.1382
Taher Javadi	javadi	taher	t			0.000000000571289	-9.24	4.6274
D J Brull	brull		d		j	0.000000004626978	-8.33	37.4785
Vedal, Tina Renate	vedal	tina	t	renate	r	0.000000000000003	-14.56	0.0000
Агалиотис, Константинос	agaliotis	konstantinos	k			0.000000000018473	-10.73	0.1496
Björk, Jean Erik	bjork	jean	j	erik	e	0.000000000000223	-12.65	0.0018
K Minuz	minuz		k			0.000000037550974	-7.43	304.1629
郑金瑞	zheng	jin rui	j			0.000000001621164	-8.79	13.1314
Dasappa, Indrani	dasappa	indrani	i			0.000000000008459	-11.07	0.0685
DEISON F	deison		f			0.000000025749167	-7.59	208.5683
King, Jr., Joseph T	king					0.000599612318675	-3.22	4856859.7813
Garcia Alvaro, Laura	garcia alvaro	laura	l			0.000000000840448	-9.08	6.8076
Simran Marwah	marwah	simran	s			0.000000001584362	-8.80	12.8333
Rosen, Britta	rosen	britta	b			0.000000000156367	-9.81	1.2666
José A. B. Chies	chies	jose	j		ab	0.000000000003255	-11.49	0.0264
Григорий Викторович Зорин	zorin	grigorii	g	viktorovich	v	0.000000000000000	-17.31	0.0000
Івашків, Андрій Володимирович	ivashkiv	andrii	a	volodimirovich	v	0.000000000000000	-17.00	0.0000
Ambli, Mallikarjun M.	ambli	mallikarjun	m		m	0.000000000000944	-12.03	0.0076
Elke Kort	kort	elke	e			0.000000000023232	-10.63	0.1882
Yuki Tomiga (19731538)	tomiga	yuki	y			0.000000000122106	-9.91	0.9891
Addissu Gabre	gabre	addissu	a			0.000000000001000	-12.00	0.0081
Poole Fuller Esteban	esteban	poole	p	fuller	f	0.000000000000000	-16.65	0.0000
Andreas M. Grabrucker (226988)	grabrucker	andreas	a		m	0.000000000025482	-10.59	0.2064
Guzzon Raffaele	raffaele	guzzon	g			0.000000000001264	-11.90	0.0102
Thillai Punitha	punitha	thillai	t			0.000000000001171	-11.93	0.0095
Chen Zhun-zhu	zhun-zhu	chen	c			0.000000000185003	-9.73	1.4985
José Alejandro Daza	daza	jose	j	alejandro	a	0.000000000011212	-10.95	0.0908
Сюваткина Л.И.	li	siuvatkina	s			0.000000013475484	-7.87	109.1514
Moser Nunes, Bruno	moser nunes	bruno	b			0.000000000508012	-9.29	4.1149
Lin GuangJu	guangju	lin	l			0.000000000491260	-9.31	3.9792
L.M.A. Blair	blair	lma	l			0.000000000032630	-10.49	0.2643
M Ordway	ordway		m			0.000000092036334	-7.04	745.4943
Gabriel A Bitar	bitar	gabriel	g		a	0.000000000700818	-9.15	5.6766
Kothari, Pranay D	kothari	pranay	p		d	0.000000000365132	-9.44	2.9576
Renzo Gaglione	gaglione	renzo	r			0.000000000036984	-10.43	0.2996
Michael Patrick Lisi	lisi	michael	m	patrick	p	0.000000000004566	-11.34	0.0370
Hague Morales, Jorge Igor	hague morales	jorge	j	igor	i	0.000000000000355	-12.45	0.0029
尹絲淳	yin	si chun	s			0.000000000497461	-9.30	4.0294
Madeleine Mai	mai	madeleine	m			0.000000001972226	-8.71	15.9750
Chekuimo Tagne, Georges Herbert	chekuimo tagne	georges	g	herbert	h	0.000000000000003	-14.55	0.0000
Sønsterud, Hilda	sonsterud	hilda	h			0.000000000045052	-10.35	0.3649
Bonazzoli, Francesca 1962-	bonazzoli	francesca	f			0.000000000146204	-9.84	1.1843
Meng, C.; id_orcid 0000-0002-2126-6954	meng		c	idorcid ---	i	0.000000000030026	-10.52	0.2432
Νιόβη-Κωνσταντίνα Φθενάκη	phthenake	niobe-konstantina	n			0.000000000001000	-12.00	0.0081
Yuri Grigorievich Antonov	antonov	yuri	y	grigorievich	g	0.000000000000003	-14.54	0.0000
Signe Moeslund Roos	roos	signe	s	moeslund	m	0.000000000000000	-16.09	0.0000
DURRIEUX, Aurélie	durrieux	aurelie	a			0.000000000036611	-10.44	0.2965
Costas Busch Member	member	costas	c	busch	b	0.000000000000000	-17.03	0.0000
Nina Lühr	luhr	nina	n			0.000000000308041	-9.51	2.4951
Покровский, А. Г.	pokrovskii		a		g	0.000000003142330	-8.50	25.4529
Ali A. El-Keblawy (4837206)	el-keblawy	ali	a		a	0.000000000247517	-9.61	2.0049
MATHEUS FERNANDO MANZOLLI BALLESTERO	ballestero	matheus	m	fernando manzolli	f	0.000000000000001	-15.30	0.0000
Sürelsan, İsmail Baha	surelsan	ismail	i	baha	b	0.000000000000006	-14.20	0.0001
Bhinge, Somnath Devidas	bhinge	somnath	s	devidas	d	0.000000000000000	-15.93	0.0000
Chelsya		chelsya	c			0.000000000001000	-12.00	0.0081
Llovera, Sara fl. 1937	llovera	sara	s		fl	0.000000000001022	-11.99	0.0083
Афанасьев В.П.	vp	afanasev	a			0.000000000001000	-12.00	0.0081
0613052046, SERI SUSANTI		seri	s	susanti	s	0.000000000000000	-16.82	0.0000
McHugh, Cyrus F.	mchugh	cyrus	c		f	0.000000000008665	-11.06	0.0702
Obara S	s	obara	o			0.000000000001955	-11.71	0.0158
I Ming Wang	wang		i	ming	m	0.000000093490838	-7.03	757.2758
Liang Genqiang	genqiang	liang	l			0.000000000353824	-9.45	2.8660
M. P., Anania	m p	anania	a			0.000000000001000	-12.00	0.0081
de Mello-Jorge, Maria Helena Prado	de mello-jorge	maria	m	helena prado	h	0.000000000000001	-15.01	0.0000
Valéria Andrade Pereira (18176691)	pereira	valeria	v	andrade	a	0.000000000000283	-12.55	0.0023
Henry Kenelm	kenelm	henry	h			0.000000000400366	-9.40	3.2430
L.S. Kovryzhenko	kovryzhenko	ls	l			0.000000000001000	-12.00	0.0081
M. Kameka	kameka		m			0.000000092036334	-7.04	745.4943
Mahesh Kumar Siddaiahb	siddaiahb	mahesh	m	kumar	k	0.000000000000124	-12.91	0.0010
Penman I	i	penman	p			0.000000000001000	-12.00	0.0081
Minden B Shadle	shadle	minden	m		b	0.000000000000035	-13.46	0.0003
Pitsinee Sangphet	sangphet	pitsinee	p			0.000000000001000	-12.00	0.0081
Hugo Wilhelm Lagus	lagus	hugo	h	wilhelm	w	0.000000000000003	-14.51	0.0000
S. M. Goltz	goltz		s		m	0.000000007131835	-8.15	57.7679
Grigorian-Shamagian, Lilián	grigorian-shamagian	lilian	l			0.000000000091651	-10.04	0.7424
Busiło Mariusz	mariusz	busilo	b			0.000000000001000	-12.00	0.0081
YUSI ANUGERAH, 079815805	yusi	anugerah	a			0.000000000001000	-12.00	0.0081
M. Fiľa	fila		m			0.000000307983659	-6.51	2494.6676
Breizman, B. N	breizman		b		n	0.000000000943335	-9.03	7.6410
Johanna Ingrid Elin Swenne	swenne	johanna	j	ingrid elin	i	0.000000000000000	-16.03	0.0000
Borges, Pedro Zanatta Silveira	borges	pedro	p	zanatta silveira	z	0.000000000000070	-13.15	0.0006
ANA LÍCIA BITU PRIMO	primo	ana	a	licia bitu	l	0.000000000000003	-14.52	0.0000
Hernández Sánchez,Camila	hernandez sanchez	camila	c			0.000000000255086	-9.59	2.0662
Baptista, Arthur Rocha	baptista	arthur	a	rocha	r	0.000000000000014	-13.84	0.0001
Laricchiuta P	p	laricchiuta	l			0.000000000001000	-12.00	0.0081
朱广斌	zhu	yan bin	y			0.000000002344025	-8.63	18.9866
IAQUINTA, FIORELLA	fiorella	iaquinta	i			0.000000000003349	-11.48	0.0271
Martina Gantschacher	gantschacher	martina	m			0.000000000145222	-9.84	1.1763
Rakhsha, Saeed	rakhsha	saeed	s			0.000000000269909	-9.57	2.1863
dos Santos Vieira de Alencar, João Paulo	dos santos vieira de alencar	joao	j	paulo	p	0.000000000000096	-13.02	0.0008
Ulrich Sinsch; Carsten Balczun; Patrick Scheid; Jonas Maximilian Dehling	dehling	ulrich	u	sinsch carsten balczun patrick scheid jonas maximilian	s	0.000000000000000	-16.39	0.0000
Fu,Xi	fu	xi	x			0.000000068754614	-7.16	556.9124
Rubby, S	rubby		s			0.000000077489340	-7.11	627.6637
Salas Canales, Hugo Jesús	salas canales	hugo	h	jesus	j	0.000000000000106	-12.98	0.0009
M. Tsimplis	tsimplis		m			0.000000092036334	-7.04	745.4943
N. Casas	casas		n			0.000000939268302	-6.03	7608.0732
Gácsi Szálai Ibolya	ibolya	gacsi	g	szalai	s	0.000000000000000	-18.00	0.0000
Gargione, Luis A.	gargione	luis	l		a	0.000000000086396	-10.06	0.6998
Leon Meza, Mario Ruben	leon meza	mario	m	ruben	r	0.000000000000119	-12.92	0.0010
Ircing, P.	ircing		p			0.000000028997808	-7.54	234.8822
PATEL, RUTWIK	rutwik	patel	p			0.000000000066754	-10.18	0.5407
Eric E. Irons (540261)	irons	eric	e		e	0.000000000086328	-10.06	0.6993
Soumya Palreddy	palreddy	soumya	s			0.000000000084112	-10.08	0.6813
Vega, Luis Alfredo Arriola	vega	luis	l	alfredo arriola	a	0.000000000000143	-12.85	0.0012
Hiego Cândido Silva Costa	costa	hiego	h	candido silva	c	0.000000000000000	-15.41	0.0000
Silveira Teixeira M.	m	silveira	s	teixeira	t	0.000000000000000	-17.89	0.0000
Marie Sigurd	sigurd	marie	m			0.000000000219000	-9.66	1.7739
Magalhães, Juliana Teixeira; Universidade Federal de São João del Rei	magalhaes	juliana	j	teixeira universidade federal de sao joao del rei	t	0.000000000000015	-13.84	0.0001
Ip, Joanna Y	ip	joanna	j		y	0.000000000040576	-10.39	0.3287
Spiro Feltovich	feltovich	spiro	s			0.000000000001708	-11.77	0.0138
Song Depo	depo	song	s			0.000000000144822	-9.84	1.1731
Stanchev, Veselin Stanchev	stanchev	veselin	v	stanchev	s	0.000000000000000	-17.65	0.0000
Edward J. Mills*	mills	edward	e		j	0.000000002028353	-8.69	16.4297
R N Singer	singer		r		n	0.000000040671827	-7.39	329.4418
Gazdag, Zsolt	gazdag	zsolt	z			0.000000000012435	-10.91	0.1007
S. K. Neelam	neelam		s		k	0.000000018147590	-7.74	146.9955
Markus Andreas Müller	muller	markus	m	andreas	a	0.000000000007180	-11.14	0.0582
Noroozisharaf, Alireza	noroozisharaf	alireza	a			0.000000000203043	-9.69	1.6446
Liu, Shuze Daniel	liu	shuze	s	daniel	d	0.000000000020477	-10.69	0.1659
Lazzari, Cristian	lazzari	cristian	c			0.000000001351433	-8.87	10.9466
F. A. BARBOSA	barbosa		f		a	0.000000427831933	-6.37	3465.4387
Sahouri, Ibrahim	sahouri	ibrahim	i			0.000000001069873	-8.97	8.6660
Pompidou G	g	pompidou	p			0.000000000001000	-12.00	0.0081
Melinda Pávai	pavai	melinda	m			0.000000000045128	-10.35	0.3655
H.E. Kerkkamp	kerkkamp	he	h			0.000000000104237	-9.98	0.8443
Kähler, Anna	kahler	anna	a			0.000000001967904	-8.71	15.9400
McCRAKEN Wj	wj	mccraken	m			0.000000000001000	-12.00	0.0081
Kehoe, Dennis	kehoe	dennis	d			0.000000001292546	-8.89	10.4696
V Blokhin	blokhin		v			0.000000015176278	-7.82	122.9279
Leon Grotius Zerfas	zerfas	leon	l	grotius	g	0.000000000000000	-15.84	0.0000
Navarro, Eliane	navarro	eliane	e			0.000000005973904	-8.22	48.3886
Holger M. Strauss	strauss	holger	h		m	0.000000000046698	-10.33	0.3783
Heyden, Lucas von 1838-1915	heyden	lucas	l	von -	v	0.000000000000001	-15.19	0.0000
Camilla Coward	coward	camilla	c			0.000000000168186	-9.77	1.3623
Jacobus J Van Hilten	van hilten	jacobus	j		j	0.000000000000169	-12.77	0.0014
Hajer  Saeed Alorfi	alorfi	hajer	h	saeed	s	0.000000000000003	-14.51	0.0000
Mark Justine M. Bocaoco	bocaoco	mark	m	justine m	j	0.000000000000001	-14.99	0.0000
Rahmawati, Nuri	rahmawati	nuri	n			0.000000002143058	-8.67	17.3588
Arnott, Shelley E	arnott	shelley	s		e	0.000000000002980	-11.53	0.0241
Marco Meyer; Gerda Buchberger; Johannes Heitz; Dariya Baiko; Anna-Christin Joel	joel	marco	m	meyer gerda buchberger johannes heitz dariya baiko anna-christin	m	0.000000000000042	-13.38	0.0003
Fang, Peiyang	fang	peiyang	p			0.000000001739598	-8.76	14.0907
José Luis Antinao (17134756)	antinao	jose	j	luis	l	0.000000000000908	-12.04	0.0074
Ba (psychology Mhealsc [menh	menh	ba	b	psychology mhealsc	p	0.000000000000000	-16.21	0.0000
Richard Lima de Holanda	de holanda	richard	r	lima	l	0.000000000000015	-13.81	0.0001
Vranckx, Myrthel	vranckx	myrthel	m			0.000000000001000	-12.00	0.0081
None Odoanyanwu Ndubuisi M	m	none	n	odoanyanwu ndubuisi	o	0.000000000000000	-17.52	0.0000
Tscherne G	g	tscherne	t			0.000000000001000	-12.00	0.0081
Katarzyna Jastal	jastal	katarzyna	k			0.000000000041703	-10.38	0.3378
Î£ÏÎ¿ÏÎ½Î¬ÏÎ· ÎÎ½Î´ÏÎ¿Î¼Î¬ÏÎ· (Î¼ÏÏÏ.),	ii iiii iii	ipsiiii iii	i			0.000000000001000	-12.00	0.0081
Yong-Tong Zheng	zheng	yong-tong	y			0.000000001621164	-8.79	13.1314
Andreas Schreg	schreg	andreas	a			0.000000000276871	-9.56	2.2427
Santos, Davi A.	santos	davi	d		a	0.000000004728816	-8.33	38.3034
Phoomtai Yindee	yindee	phoomtai	p			0.000000000001079	-11.97	0.0087
Barfoot, L	barfoot		l			0.000000049094945	-7.31	397.6691
Suwar si	si	suwar	s			0.000000000030622	-10.51	0.2480
Politicalscience. Osu. Edu/grads/oates	edugradsoates	politicalscience	p	osu	o	0.000000000000000	-18.00	0.0000
AYDIN BUYRUK, Betül	aydin	buyruk	b	betul	b	0.000000000000003	-14.54	0.0000
Gagnon, T.V.	gagnon	tv	t			0.000000000010498	-10.98	0.0850
Li, Yong-hong	li	yong-hong	y			0.000000013475484	-7.87	109.1514
Karina F. Christensen	christensen	karina	k		f	0.000000000211029	-9.68	1.7093
Williams, Margaret H	williams	margaret	m		h	0.000000002104945	-8.68	17.0501
Ida Darma Yuliyanti	yuliyanti	ida	i	darma	d	0.000000000000000	-15.49	0.0000
Aleksander Afanasyev	afanasyev	aleksander	a			0.000000000023137	-10.64	0.1874
\n    International Tuberculosis Conference\n    (9th :\n    1910 :\n    Brussels.)\n	n		n	international tuberculosis conferencen	i	0.000000000000027	-13.57	0.0002
Statton, Debbie Marie	statton	debbie	d	marie	m	0.000000000000023	-13.64	0.0002
Daniel William Kraemer	kraemer	daniel	d	william	w	0.000000000005864	-11.23	0.0475
Alice Tata (16297583)	tata	alice	a			0.000000007113354	-8.15	57.6182
L. De Roeck (6017699)	de roeck		l			0.000000049094945	-7.31	397.6691
Giraldi, Catia	giraldi	catia	c			0.000000000022971	-10.64	0.1861
Dini Atika Wati	wati	dini	d	atika	a	0.000000000000016	-13.81	0.0001
Chávez Vergara, Lenin Orlando	chavez vergara	lenin	l	orlando	o	0.000000000000002	-14.62	0.0000
Constantin S. Petrisor	petrisor	constantin	c		s	0.000000000001448	-11.84	0.0117
D Kiselicki	kiselicki		d			0.000000049281217	-7.31	399.1779
Proseanic, Vladimir N.	proseanic	vladimir	v		n	0.000000000013338	-10.87	0.1080
Jon Oscherwitz	oscherwitz	jon	j			0.000000000268547	-9.57	2.1752
Pichugin Ng	ng	pichugin	p			0.000000000385540	-9.41	3.1229
Rachida Nouaïm	nouaim	rachida	r			0.000000000004701	-11.33	0.0381
Sónia Soares; Mélina Bornet; Clara Grosso; Maria João Ramalhosa; Irene Gouvinhas; Juliana Garcia; Francisca Rodrigues; Cristina Delerue-Matos	delerue-matos	sonia	s	soares melina bornet clara grosso maria joao ramalhosa irene gouvinhas juliana garcia francisca rodrigues cristina	s	0.000000000000000	-15.60	0.0000
Gajo, Camilla	gajo	camilla	c			0.000000000209895	-9.68	1.7002
Amanda Diah Prameswari Heriawan	heriawan	amanda	a	diah prameswari	d	0.000000000000000	-15.31	0.0000
Leopoldina D. F. Almeida	almeida	leopoldina	l		df	0.000000000000353	-12.45	0.0029
Zach Marston	marston	zach	z			0.000000000415830	-9.38	3.3682
Tae  Hyun Choi	choi	tae	t	hyun	h	0.000000000000286	-12.54	0.0023
Heng Joe Eu	eu	heng	h	joe	j	0.000000000000354	-12.45	0.0029
Kasuyuki Kanosue	kanosue	kasuyuki	k			0.000000000001000	-12.00	0.0081
Jacques, Tom	jacques	tom	t			0.000000013449710	-7.87	108.9426
쑹웨이화		ssungweihwa	s			0.000000000001000	-12.00	0.0081
Wei‐Tse Hsu	hsu	wei-tse	w			0.000000000080038	-10.10	0.6483
San-Ding Huang	huang	san-ding	s			0.000000004296769	-8.37	34.8038
Koritskiy, Alexey	koritskiy	alexey	a			0.000000000075546	-10.12	0.6119
Crottès, David	crottes	david	d			0.000000002565024	-8.59	20.7767
Carolina Meoniz	meoniz	carolina	c			0.000000000305100	-9.52	2.4713
Escarré Esteve, Antoni	escarre esteve	antoni	a			0.000000000020231	-10.69	0.1639
Leguizamón Pereira, Ignacio	leguizamon pereira	ignacio	i			0.000000000087078	-10.06	0.7053
küçükoğlu, tuğçe; Health and Science University Adana City Training and Research Hospital,ENT Clinic	kucukoglu	tugce	t	health and science university adana city training and research hospital	h	0.000000000000000	-16.58	0.0000
Patricia Vega Gutierrez	gutierrez	patricia	p	vega	v	0.000000000001280	-11.89	0.0104
Stühmer, Jan	stuhmer	jan	j			0.000000000357507	-9.45	2.8958
Yoshitake Suganuma	suganuma	yoshitake	y			0.000000000001198	-11.92	0.0097
Mehdi Zahiri Savzevar	savzevar	mehdi	m	zahiri	z	0.000000000000000	-15.49	0.0000
F Delamater	delamater		f			0.000000025749167	-7.59	208.5683
Schmarje, Lars	schmarje	lars	l			0.000000000071657	-10.14	0.5804
Lincoln Lopes Teixeira	teixeira	lincoln	l	lopes	l	0.000000000000019	-13.72	0.0002
Lauzán, José Esteban	lauzan	jose	j	esteban	e	0.000000000000109	-12.96	0.0009
Hulander, Louise	hulander	louise	l			0.000000000151318	-9.82	1.2257
de Noordholland, J.	de noordholland		j			0.000000093889272	-7.03	760.5031
