source_id,display_name,publisher,type,issns,is_valid,is_distinct,duplicate_of,concern
S7407059819,Australian Academy of Science,Australian Academy of Science,repository,,False,False,S4306465973,"The name is a bare organization/publisher name rather than a venue title, and it duplicates the existing ""Australian Academy of Science eBooks"" source from the same publisher."
S7407059831,Australian Research Council,Australian Research Council,repository,,False,True,,"""Australian Research Council"" is a funding organization, not a scholarly venue; it appears to be a bare organization name masquerading as a repository."
S7407059834,Aridhia Informatics Ltd.,Deactivated repositories,repository,,False,True,,"""Aridhia Informatics Ltd."" is a company/organization name paired with publisher ""Deactivated repositories"", not a genuine scholarly venue."
S7407059835,Artskart_invalid,Artsdatabanken,repository,,False,False,S7407050611,"The name ""Artskart_invalid"" appears to be a test/junk variant of the existing ""Artskart"" repository from the same publisher."
S7407059858,CHE Gemeinnütziges Centrum für Hochschulentwicklung GmbH,CHE Gemeinnütziges Centrum für Hochschulentwicklung GmbH,repository,,False,True,,"The display_name is identical to the publisher name (a bare organization/think-tank name) rather than an actual scholarly venue title, and it has no ISSN."
S7407059860,Sunstone Institute,Sunstone Institute AS,repository,,False,True,,"The name ""Sunstone Institute"" appears to be a bare organization/publisher name rather than a distinct scholarly venue, and closely mirrors the publisher ""Sunstone Institute AS"" with no ISSN."
S7407059861,orecord,OALL SINGAPORE PTE. LTD.,repository,,False,True,,"The display name ""orecord"" appears to be a garbled or truncated non-descriptive label rather than a genuine scholarly venue title."
S7407059863,Freshwater Biological Association,Deactivated repositories,repository,,False,False,S4306470988,"This is a bare organization name with publisher ""Deactivated repositories"" and appears to be a variant of the existing Freshwater Biological Association eBooks platform."
S7407059864,University of Huddersfield,University of Huddersfield,repository,,False,False,S4306401852,"The name is a bare institution name masquerading as a venue, and it matches the existing ""University of Huddersfield Repository"" record as a repository type."
S7407059865,Public Health England,The British Library,repository,,False,True,,"""Public Health England"" is a government organization/agency name, not a genuine scholarly venue title, and the publisher ""The British Library"" appears inconsistent."
S7407059867,Max Planck Institute for Meteorology,Max Planck Digital Library,repository,,False,True,,The name is a bare research institution/organization name rather than a specific scholarly venue or repository title.
S7407059868,YGS-DEV,Yukon Geological Survey,repository,,False,True,,"The display_name ""YGS-DEV"" appears to be a development/test artifact (a bare abbreviation with a ""-DEV"" suffix) rather than a genuine scholarly venue title."
S7407059870,bsc,Barcelona Supercomputing Center,repository,,False,True,,"The display_name ""bsc"" is a bare, ambiguous abbreviation that appears to duplicate the publisher (Barcelona Supercomputing Center) rather than name an actual repository venue."
S7407059872,Burnet Institute,Burnet Institute,repository,,False,True,,"The name is a bare organization/publisher name (a research institute) with no ISSN, appearing to masquerade as a venue rather than a genuine named repository."
S7407059875,mVedra,Vedra Solutions,repository,,False,True,,"""mVedra"" with no ISSNs appears to be a product/brand name from Vedra Solutions rather than an identifiable scholarly repository or venue."
S7407059886,Institut für deutsche Kultur und Geschichte Südosteuropas e.V.,Institut für deutsche Kultur und Geschichte Südosteuropas e.V.,repository,,False,True,,The display name is identical to the publisher name and is a bare institution/organization name rather than an actual scholarly venue title.
S7407059887,Khayala Mammadova,Azerbaijan Academy of Labor and Social Relations,repository,,False,True,,"The display name ""Khayala Mammadova"" is a personal name, not a genuine scholarly venue title."
S7407059888,Khayala Mammadova,Azerbaijan Academy of Labor and Social Relations,repository,,False,True,,"The display name ""Khayala Mammadova"" is a personal name, not a scholarly venue title."
S7407059900,Fondazione GEM,CRUI Bucket,repository,,False,True,,"""Fondazione GEM"" appears to be a foundation/organization name rather than a genuine scholarly venue, and ""CRUI Bucket"" looks like a spurious publisher label."
S7407059905,Curtin University of Technology,Curtin University of Technology,repository,,False,True,,"The name is a bare institution/publisher name (""Curtin University of Technology"") masquerading as a repository venue rather than a specific scholarly venue title."
S7407059926,Department of Mining and Energy,Directorate-General for Energy NT,repository,,False,True,,"""Department of Mining and Energy"" is a bare government organization/department name, not a genuine scholarly venue, and lacks ISSNs."
S7407059930,CFI-FCI,Canada Foundation for Innovation,repository,,False,True,,"""CFI-FCI"" is a bare abbreviation of the funding organization (Canada Foundation for Innovation) rather than a genuine scholarly venue, and has no ISSNs."
S7407059934,cmip7-citations,Science and Technology Facilities Council,repository,,False,True,,"The name ""cmip7-citations"" looks like a technical/dataset slug rather than a genuine scholarly venue title, suggesting a junk or auto-generated record."
S7407059937,Digitalen Zugang zu Wissen demokratisch gestalten  e.V. (DiGZ e. V.),TIB-DOI-Gemeinschaftskonto,repository,,False,True,,"This appears to be an organization/association name (an e.V. registered association) with a DOI-account publisher rather than an actual scholarly venue title, and it is unrelated to the ""Digital"" journal candidate."
S7407059940,European Directorate for the Quality of Medicines and HealthCare,European Directorate for the Quality of Medicines and HealthCare,repository,,False,True,,The name is a bare organization/publisher name (EDQM) masquerading as a venue rather than a genuine scholarly repository title.
S7407059941,Chester Beatty Library,Chester Beatty Library,repository,,False,True,,"The Chester Beatty Library is an institution/museum name rather than a scholarly venue, and no ISSNs or other venue identifiers are provided."
S7407059943,Crossref DOIs,Arab Center For Research and Policy Studies,repository,,False,True,,"""Crossref DOIs"" is not a genuine scholarly venue but an infrastructure/metadata artifact, inconsistently attributed to an unrelated publisher."
S7407059944,Albert Einstein Medical College,Albert Einstein Medical College,repository,,False,True,,"The name is a bare institution/organization name (a medical college) masquerading as a repository venue, with no distinguishing repository title or ISSN."
S7407059948,RAISE,RAISE,repository,,False,True,,"The name ""RAISE"" is a bare acronym with the publisher identical to the display name and no ISSN, making it ambiguous and likely an organization masquerading as a venue rather than a clearly identifiable scholarly venue."
S7407059954,BA Justiz,Deactivated repositories,repository,,False,True,,"The publisher ""Deactivated repositories"" and terse name ""BA Justiz"" suggest a decommissioned or junk repository record rather than a genuine active scholarly venue."
S7407059957,BOP: BAF,Repositories moved to a different RA,repository,,False,True,,"The name ""BOP: BAF"" is a cryptic/garbled abbreviation with no clear venue meaning, and the publisher ""Repositories moved to a different RA"" is an administrative note rather than a genuine publisher, suggesting a junk record."
S7407059958,BOP: EHB,Repositories moved to a different RA,repository,,False,True,,"The display name ""BOP: EHB"" is a cryptic abbreviation and the publisher field (""Repositories moved to a different RA"") is administrative metadata rather than a genuine venue identity."
S7407059959,BOP: HASBOnline,Repositories moved to a different RA,repository,,False,True,,"The publisher field ""Repositories moved to a different RA"" reads as an administrative note rather than a genuine publisher, and the ambiguous ""BOP: HASBOnline"" name suggests a defunct or migrated record rather than an active scholarly venue."
S7407059961,BOP - itw: im dialog,Repositories moved to a different RA,journal,,False,True,,"The publisher field (""Repositories moved to a different RA"") is a system/status note rather than a real publisher, and the display name looks garbled/technical, suggesting a junk or malformed record."
S7407059962,BOP: JDS,Repositories moved to a different RA,repository,,False,True,,"The display name ""BOP: JDS"" is a cryptic abbreviation and the publisher field ""Repositories moved to a different RA"" is an administrative note rather than a real publisher, suggesting a junk/placeholder record."
S7407059963,BOP: JEMR,Repositories moved to a different RA,repository,,False,True,,"The publisher field reads ""Repositories moved to a different RA,"" which is a metadata note rather than a real publisher, and the display_name ""BOP: JEMR"" is a garbled/abbreviation-only title with no ISSNs, casting doubt on validity."
S7407059965,BOP: Versants,Repositories moved to a different RA,repository,,False,True,,"The publisher field (""Repositories moved to a different RA"") is an administrative note rather than a real publisher, and the name looks like a fragmentary/placeholder record."
S7407059967,Uni Genf: Abrep,Repositories moved to a different RA,repository,,False,False,S7407051284,"The publisher field ""Repositories moved to a different RA"" is a placeholder/junk note, and the name appears to be a variant of the existing ""Uni Genf"" repository for Université de Genève."
S7407059969,Uni Genf: Lingua lugar,Repositories moved to a different RA,journal,,False,True,,"The publisher field ""Repositories moved to a different RA"" is a metadata note, not a real publisher, and the display name appears garbled, suggesting a junk record."
S7407059970,HOPE: Conexus,Repositories moved to a different RA,repository,,False,True,,"The publisher field ""Repositories moved to a different RA"" is an administrative note rather than a real publisher, and ""HOPE: Conexus"" lacks corroborating identifiers, casting doubt on its legitimacy as a scholarly venue."
S7407059974,HOPE: sui generis,Repositories moved to a different RA,repository,,False,True,,"The name ""HOPE: sui generis"" combined with the publisher ""Repositories moved to a different RA"" looks like a placeholder/administrative artifact rather than a genuine scholarly venue."
S7407059980,UB Basel Eterna,Repositories moved to a different RA,journal,,False,True,,"""UB Basel Eterna"" with publisher note ""Repositories moved to a different RA"" appears to be an institutional repository/system artifact rather than a genuine scholarly journal, and it lacks ISSNs."
S7407059982,SPARC,SPARC,repository,,False,True,,"SPARC is an advocacy coalition/organization (Scholarly Publishing and Academic Resources Coalition), not a scholarly repository or venue; the record appears to be an organization name masquerading as a venue."
S7407059986,IIEMSA,Deactivated repositories,repository,,False,True,,"The record is a bare acronym (""IIEMSA"") with no ISSN and a publisher labeled ""Deactivated repositories,"" suggesting a defunct or junk venue rather than a genuine scholarly source."
S7407059988,St. Edward's University,Deactivated repositories,repository,,False,True,,"The name is just a university/organization name with publisher ""Deactivated repositories,"" suggesting a bare institution name rather than a genuine venue title."
S7407059989,Zuyd University of Applied Sciences,Deactivated repositories,repository,,False,True,,"The name is a bare institution name (Zuyd University of Applied Sciences) with publisher ""Deactivated repositories,"" indicating a defunct/organizational record rather than a genuine active scholarly venue."
S7407059991,Universität Liechtenstein / Bibliothek,University of Liechtenstein,repository,,False,True,,"This is a library discovery/search portal for the University of Liechtenstein rather than a genuine scholarly venue, and the name is a bare institutional/library designation."
S7407059994,Plant Protection Society of Ethiopia,GAF Awardees,repository,,False,True,,"The name is an organization/society, not a venue title, and the publisher ""GAF Awardees"" appears to be junk metadata."
S7407059996,Arba Minch University,GAF Awardees,repository,,False,True,,"The display name ""Arba Minch University"" is a bare institution/organization name rather than an actual scholarly venue title, and the publisher ""GAF Awardees"" is suspicious."
S7407059997,Jimma University,GAF Awardees,repository,,False,True,,"""Jimma University"" is a bare institution name rather than a specific venue, and the publisher ""GAF Awardees"" looks spurious."
S7407060002,datalino,Deactivated repositories,repository,,False,True,,"The name ""datalino"" is a garbled/ambiguous single word with no ISSN and a publisher listed as ""Deactivated repositories,"" suggesting a junk or defunct record rather than a genuine scholarly venue."
S7407060005,Heinrich Böll Foundation,Deactivated repositories,repository,,False,True,,"""Heinrich Böll Foundation"" is an organization/foundation name rather than a scholarly venue, and the publisher ""Deactivated repositories"" suggests a defunct record."
S7407060011,vz-nrw (Verbraucherzentrale Nordrhein-Westfalen e. V.),Deactivated repositories,repository,,False,True,,"This is a consumer advocacy organization (Verbraucherzentrale NRW) listed under ""Deactivated repositories,"" not a genuine scholarly venue; it appears to be an organization name masquerading as a repository."
S7407060012,Tawuniya Repository,Tawuniya,repository,,False,True,,"""Tawuniya"" is a Saudi insurance company, not a recognized scholarly repository; this appears to be an organization name masquerading as a venue."
S7407060016,COLLECTEUR ANALYSEUR DE DONNEES,COLLECTEUR ANALYSEUR DE DONNEES,repository,,False,True,,"The name ""COLLECTEUR ANALYSEUR DE DONNEES"" (French for ""data collector analyzer"") reads like a generic descriptive phrase or organization/tool name rather than a genuine scholarly venue, and it duplicates the publisher field."
S7407060022,The Michael J. Fox Foundation for Parkinson's Research,The Michael J. Fox Foundation for Parkinson's Research,repository,,False,True,,"The display name is identical to the publisher (a funding organization), indicating a bare organization name masquerading as a venue rather than a genuine scholarly repository."
S7407060025,CRKN-DEV,Canadian Research Knowledge Network,repository,,False,True,,"The name ""CRKN-DEV"" appears to be a development/test record for the Canadian Research Knowledge Network organization rather than a genuine scholarly venue."
S7407060028,Ionion University,Deactivated repositories,repository,,False,True,,"The name appears to be a bare institution name (likely a misspelling of ""Ionian University"") rather than a scholarly venue, and the publisher ""Deactivated repositories"" suggests a defunct/junk record."
S7407060043,DataVerse Prueba,Deactivated repositories,repository,,False,True,,"The name ""DataVerse Prueba"" (""Prueba"" means ""test"" in Spanish) plus publisher ""Deactivated repositories"" indicates a test/junk record rather than a genuine venue."
S7407060049,ROR Registry and Hub,University of Southampton,repository,,False,True,,"""ROR Registry and Hub"" appears to be an organizational/infrastructure entity (Research Organization Registry) rather than a genuine scholarly publishing venue."
S7407060059,Commissariat à l’énergie atomique et aux énergies alternatives,CNRS-Bucket,repository,,False,True,,"The name is the French Alternative Energies and Atomic Energy Commission (CEA), a research organization rather than a scholarly venue, so it appears to be a bare institution name masquerading as a repository."
S7407060060,Gerardo Bautista,Repositories moved to a different RA,repository,,False,True,,"The display name ""Gerardo Bautista"" is a personal name, not a genuine scholarly venue title."
S7407060062,École Nationale Supérieure de l’Électronique et de ses Applications,CNRS-Bucket,repository,,False,True,,"""École Nationale Supérieure de l’Électronique et de ses Applications"" (ENSEA) is the name of an engineering school/organization, not a scholarly venue, so it appears to be an organization masquerading as a repository."
S7407060063,Ecole de Psychologues Praticiens,Deactivated repositories,repository,,False,True,,"""Ecole de Psychologues Praticiens"" is the name of an educational institution, not a scholarly venue, and the publisher ""Deactivated repositories"" suggests a junk/inactive record."
S7407060069,Conferences & Abstraits Management system,Deactivated repositories,repository,,False,True,,"The name ""Conferences & Abstraits Management system"" appears to be a garbled/misspelled generic software or management system label rather than a genuine scholarly venue, and the publisher ""Deactivated repositories"" signals a junk record."
S7407060076,Université d'Angers,CNRS-Bucket,repository,,False,True,,"The name ""Université d'Angers"" is a university/organization name masquerading as a venue, not a genuine scholarly repository title."
S7407060077,Université du Maine,CNRS-Bucket,repository,,False,True,,"""Université du Maine"" is a bare university/organization name rather than a scholarly venue title; distinct from the unrelated ""Univers"" journal."
S7407060078,Université Paris Diderot - Paris 7,CNRS-Bucket,repository,,False,True,,"The record is a bare university/organization name (Université Paris Diderot - Paris 7) rather than a scholarly venue title, so it appears to be an institution masquerading as a repository source."
S7407060084,Advocacy Unified Network,Deactivated repositories,repository,,False,True,,"The publisher ""Deactivated repositories"" and organizational name suggest this is not a genuine scholarly venue but an advocacy organization or defunct repository."
S7407060087,APFH - Associação Portuguesa de Farmacêuticos Hospitalares,Fundação para a Ciência e Tecnologia,journal,,False,True,,"The display name is a professional organization (Portuguese Association of Hospital Pharmacists) rather than a scholarly journal title, and it lacks ISSNs, suggesting an organization masquerading as a venue."
S7407060097,McGill-DEV,McGill University,repository,,False,True,,"The ""-DEV"" suffix and lack of ISSNs suggest a test/development record rather than a genuine venue."
S7407060101,Centre Gilles Gaston Granger,French National Centre for Scientific Research,journal,2105-0996,False,True,,"""Centre Gilles Gaston Granger"" is a research center/organization name, not a scholarly journal title."
S7407060105,"CREATION, ELEVAGE, PHENOTYPAGE, DISTRIBUTION ET ARCHIVAGE D'ORGANISMES MODELES",French National Centre for Scientific Research,repository,,False,True,,"The name reads as a description of a research facility's activities (creation, breeding, phenotyping, distribution and archiving of model organisms) rather than a scholarly venue title, and it lacks ISSNs."
S7407060122,SENSE,Energy Systems Catapult,repository,,False,True,,"""SENSE"" is an ambiguous bare acronym with no ISSN and appears more like a project/organization name from Energy Systems Catapult than a genuine scholarly repository venue."
S7407060130,Azerbaijan Academy of Labor and Social Relations,Azerbaijan Academy of Labor and Social Relations,repository,,False,True,,The display name is identical to the publisher and appears to be a bare institution/organization name rather than an actual scholarly venue title.
S7407060131,GBCL Data Management System,CAB International,repository,,False,True,,"""GBCL Data Management System"" appears to be an internal software/data system rather than a genuine scholarly venue, and has no ISSN."
S7407060135,Living Goods,Deactivated repositories,repository,,False,True,,"""Living Goods"" is the name of a nonprofit organization/publisher rather than a scholarly venue, and the publisher ""Deactivated repositories"" suggests a junk/deactivated record."
S7407060139,Università Cattolica del Sacro Cuore,Università Cattolica del Sacro Cuore,repository,,False,False,S4306481555,"The name is a bare university/publisher name masquerading as a repository venue, and it appears to be the same institutional venue as the existing ""Università Cattolica del Sacro Cuore eBooks"" source."
S7407060140,UREG-DEV,University of Regina,repository,,False,True,,"The name ""UREG-DEV"" appears to be a development/test repository slug rather than a genuine scholarly venue title."
S7407060148,MedStar,MedStar Health Research Institute,repository,,False,True,,"""MedStar"" appears to be a bare organization/health-system name rather than a specific scholarly venue title, though it could be an institutional repository."
S7407060151,Nürnberg Institut für Marktentscheidungen (NIM),Nürnberg Institut für Marktentscheidungen e.V.,repository,,False,True,,"This appears to be a research institute/organization name (NIM e.V.) rather than a genuine scholarly venue, and the display_name matches the publisher."
S7407060154,Melbourne Institute of Technology,Melbourne Institute of Technology,repository,,False,True,,"The display name is a bare institution name identical to the publisher, appearing to be an organization masquerading as a venue rather than a named repository."
S7407060159,Manchester Metropolitan University,Manchester Metropolitan University,repository,,False,False,S7407050777,"The name is a bare university/organization name rather than a venue title, and it duplicates existing repository records for the same institution."
S7407060168,Doktoranduszok Országos Szövetsége,MTAKIK bucket,journal,,False,True,,"""Doktoranduszok Országos Szövetsége"" is the Hungarian National Association of Doctoral Students, an organization name rather than a scholarly venue, and the publisher field (""MTAKIK bucket"") appears to be junk."
S7407060169,Eötvös Loránd Tudományegyetem,Eötvös Loránd Tudományegyetem,repository,,False,True,,"The name is just the bare university name (Eötvös Loránd University) acting as a repository, which reads as an organization name rather than a genuine venue title."
S7407060170,Gondolat Kiadó,MTAKIK bucket,journal,,False,False,S4306471565,"""Gondolat Kiadó"" is a bare publisher name mislabeled as a journal, and it matches the existing ""Gondolat Kiadó eBooks"" platform."
S7407060172,Nemzeti Közszolgálati Egyetem,MTAKIK bucket,repository,,False,True,,"The name ""Nemzeti Közszolgálati Egyetem"" (National University of Public Service) is a bare institution name masquerading as a repository venue, not a specific scholarly venue title."
S7407060183,Hisst v2,Council of European Aerospace Societies (CEAS),repository,,False,True,,"""Hisst v2"" looks like a garbled/truncated or versioned label rather than a genuine venue title, though it is plausibly tied to a CEAS conference series."
S7407060188,Forschungsinstitut Betriebliche Bildung (f-bb) gGmbH,Forschungsinstitut Betriebliche Bildung (f-bb) gGmbH,repository,,False,True,,"This is a bare research-institute/organization name (f-bb gGmbH) masquerading as a repository venue, not a genuine scholarly venue title."
S7407060190,INST - DESY - Deutsches Elektronen-Synchrotron,Deutsches Elektronen-Synchrotron DESY,repository,,False,True,,"The name ""INST - DESY - Deutsches Elektronen-Synchrotron"" appears to be a bare institution/organization label rather than a genuine scholarly venue or repository title."
S7407060191,Reports & Information,Saudi Water Authority,repository,,False,True,,"""Reports & Information"" from the Saudi Water Authority reads as a generic organizational content section rather than a genuine scholarly venue, and it does not match any candidate."
S7407060196,DRI,Desert Research Institute,repository,,False,True,,"""DRI"" is just an abbreviation for the publisher (Desert Research Institute) with no ISSN, appearing to be a bare organization name rather than a genuine named venue."
S7407060201,Vystupy NZM NAKI III_2025,National Museum of Agriculture,repository,,False,True,,"The name ""Vystupy NZM NAKI III_2025"" appears to be an internal project/output label (with a year suffix and underscore) rather than a genuine scholarly venue title."
S7407060202,WASL,Pakistan Digital Authority,repository,,False,True,,"""WASL"" is a vague, short, non-descriptive name with no ISSN and an unusual government-authority publisher, giving little indication it is a genuine scholarly venue."
S7407060204,AIND Prod Repo,The Allen Institute,repository,,False,True,,"The name ""AIND Prod Repo"" appears to be an internal/production test repository label rather than a genuine scholarly venue, with abbreviated/truncated wording and no ISSNs."
S7407060206,Centre for Environment and Population Activities,Afrischolar Discovery Initiative,repository,,False,True,,"The display name is that of an organization/centre rather than a scholarly venue, and the homepage domain (cepajournal.com) does not match the named entity, suggesting a mismatched or spurious record."
S7407060214,Envision,California Medical Innovations Institute,repository,,False,True,,"""Envision"" is a vague single-word name with no ISSN and appears to be a generic label or product rather than a genuine scholarly venue."
S7407060228,Sieć Badawcza Łukasiewicz - Instytut Technologii Materiałów Elektronicznych,PSNC Bucket,journal,,False,True,,"The name is a research institute (Łukasiewicz - Institute of Electronic Materials Technology), an organization masquerading as a journal, not a genuine scholarly venue."
S7407060232,Polskie Towarzystwo Historyczne,PSNC Bucket,repository,,False,True,,"""Polskie Towarzystwo Historyczne"" (Polish Historical Society) is an organization/society name rather than a scholarly venue title, and the ""PSNC Bucket"" publisher suggests a repository dump."
S7407060234,SDIRECT24,Deactivated repositories,repository,,False,True,,"The publisher ""Deactivated repositories"" and the cryptic name ""SDIRECT24"" suggest a defunct or placeholder record rather than a genuine, active scholarly venue."
S7407060237,Uniwersytet Jagielloński-Collegium Medicum,PSNC Bucket,repository,,False,True,,"""Uniwersytet Jagielloński-Collegium Medicum"" is a bare institution/organization name (a medical university), not a scholarly venue title."
S7407060238,Uniwersytet Zielonogórski,Deactivated repositories,journal,,False,True,,"The name ""Uniwersytet Zielonogórski"" (University of Zielona Góra) is a university/organization name, not a scholarly venue, and the publisher ""Deactivated repositories"" reinforces this is not a genuine journal."
S7407060242,Old DOIs Unil,FORS - Swiss Centre of Expertise in the Social Sciences,repository,,False,True,,"The name ""Old DOIs Unil"" appears to be an internal/administrative label for legacy DOIs rather than a genuine scholarly repository venue."
S7407060247,Eurac Research webpages/webtools,The European Academy of Bozen-Bolzano (Eurac Research),repository,,False,True,,"""Eurac Research webpages/webtools"" appears to be a catch-all bucket for institutional web content rather than a genuine scholarly venue."
S7407060248,Redundant DOIs with prefix 10.11585,Deactivated repositories,repository,,False,True,,"The name ""Redundant DOIs with prefix 10.11585"" with publisher ""Deactivated repositories"" is an administrative/junk artifact, not a genuine scholarly venue."
S7407060249,CAPTIVATE KY,Kentucky Science & Technology Corporation,repository,,False,True,,"""CAPTIVATE KY"" appears to be a program or platform name lacking ISSNs and clear scholarly venue characteristics, likely not a genuine scholarly repository."
S7407060254,FLEXPART,NILU - Norsk institutt for luftforskning,repository,,False,True,,"FLEXPART is the name of a Lagrangian particle dispersion model/software, not a scholarly publishing venue such as a journal or repository."
S7407060257,Shared Services Canada,Shared Services Canada,repository,,False,True,,"""Shared Services Canada"" is a government IT organization, not a scholarly venue; the name is a bare organization masquerading as a repository with no ISSN."
S7407060263,Abay Myrzakhmetov Kokshetau University,Deactivated repositories,repository,,False,True,,"The name is a university/organization rather than a venue title, and the publisher ""Deactivated repositories"" suggests a junk or defunct record."
S7407060264,Aquilon Ltd,Deactivated repositories,repository,,False,True,,"""Aquilon Ltd"" with publisher ""Deactivated repositories"" appears to be a company/organization name rather than a genuine scholarly venue, and the publisher label suggests a defunct/junk record."
S7407060265,Vaganova Academy of Russian Ballet,Deactivated repositories,repository,,False,True,,"""Vaganova Academy of Russian Ballet"" is the name of an educational institution/organization, not a scholarly venue, and the publisher ""Deactivated repositories"" suggests a defunct or junk record."
S7407060266,All-Russian Research Institute of Corn,Deactivated repositories,repository,,False,True,,"The name is a bare organization/institute name rather than a venue title, and the publisher ""Deactivated repositories"" suggests a defunct or junk record."
S7407060268,Larionov A.V.,Deactivated repositories,repository,,False,True,,"The display name ""Larionov A.V."" is a personal name, not a scholarly venue, and the publisher ""Deactivated repositories"" indicates a junk/defunct record."
S7407060270,Chelyabinsk Regional Children's Clinical Hospital,Deactivated repositories,repository,,False,True,,"The name is a hospital/organization rather than a scholarly venue, and the publisher ""Deactivated repositories"" suggests a defunct/invalid record."
S7407060274,THE EURASIAN HUMANITIES INSTITUTE,Deactivated repositories,repository,,False,True,,"The name is a bare organization/institute name rather than a scholarly venue title, and the publisher ""Deactivated repositories"" signals a junk or defunct record."
S7407060275,"LLC ""Info-Electrosvyaz""",Deactivated repositories,repository,,False,True,,"The name ""LLC Info-Electrosvyaz"" is a company/organization name, and the publisher ""Deactivated repositories"" indicates this is not a genuine active scholarly venue."
S7407060276,ElIT LLC,Deactivated repositories,repository,,False,True,,"""ElIT LLC"" appears to be a company/organization name with publisher ""Deactivated repositories,"" not a genuine scholarly venue."
S7407060278,Far Eastern Branch of the Russian Academy of Sciences,Deactivated repositories,repository,,False,True,,"The name is a bare organization/institution (Far Eastern Branch of the Russian Academy of Sciences) rather than a venue title, and the publisher ""Deactivated repositories"" suggests a junk/deactivated record."
S7407060280,Fodder Production,Deactivated repositories,repository,,False,True,,"The publisher ""Deactivated repositories"" suggests this is a defunct/placeholder repository, and ""Fodder Production"" reads as a topical phrase rather than a genuine venue title."
S7407060288,Institute of General Pathology and Pathophysiology,Repositories moved to a different RA,repository,,False,True,,"The name is a research institute/organization rather than a scholarly venue, and the publisher field (""Repositories moved to a different RA"") indicates a placeholder/administrative note, not a genuine repository title."
S7407060289,Firsova Y.G.,Deactivated repositories,repository,,False,True,,"The display name ""Firsova Y.G."" is a personal name, not a genuine scholarly venue, and the publisher ""Deactivated repositories"" suggests a junk/deactivated record."
S7407060292,Chuvash regional branch of the interregional public organization Academy of Informatization of Education,Deactivated repositories,repository,,False,True,,"The name is a bare organization/branch name masquerading as a venue, with publisher ""Deactivated repositories"" suggesting a defunct or junk record."
S7407060294,IRKUTSK STATE MEDICAL UNIVERSITY,Deactivated repositories,repository,,False,True,,"The display name is a bare organization/university name with no venue title, and the publisher ""Deactivated repositories"" suggests a defunct or junk record rather than a genuine scholarly venue."
S7407060296,"Federal State Budgetary Institution ""Institute of Pedagogy, Psychology and Social Problems""",Deactivated repositories,repository,,False,True,,"The name is a bare institution/organization name (a research institute) rather than a scholarly venue title, and the publisher ""Deactivated repositories"" suggests a junk/deactivated record."
S7407060297,Vitus Bering Kamchatka State University,Deactivated repositories,repository,,False,True,,"The name is that of a university (an organization/institution) rather than a scholarly venue title, and the publisher ""Deactivated repositories"" suggests a junk/deactivated record."
S7407060301,Media Mente Ltd,Deactivated repositories,repository,,False,True,,"The name ""Media Mente Ltd"" appears to be a company/organization name rather than a scholarly venue, and the publisher ""Deactivated repositories"" signals a defunct or invalid record."
S7407060303,"Interdepartmental Center for Analytical Research in Physics, Chemistry and Biology under the Presidium of the Russian Academy of Sciences",Deactivated repositories,repository,,False,True,,"This is the name of a research organization/institution rather than a scholarly venue, and the ""Deactivated repositories"" publisher suggests a defunct/invalid repository record."
S7407060304,National Center of Labor Hygiene and Occupational Diseases,Deactivated repositories,repository,,False,True,,"The name is a bare organization/institution name with publisher ""Deactivated repositories"", suggesting an org masquerading as a venue rather than a genuine scholarly repository."
S7407060305,North-Eastern Federal University,Deactivated repositories,repository,,False,True,,"The display_name is a bare university/organization name with publisher ""Deactivated repositories"", suggesting a defunct institutional repository rather than a genuine named scholarly venue."
S7407060310,LLC  POLIGRAFIST,Deactivated repositories,repository,,False,True,,"""LLC POLIGRAFIST"" is a company/printing-organization name with publisher ""Deactivated repositories"" and no ISSN, appearing to be a bare organization rather than a genuine scholarly venue."
S7407060313,N.I. Lobachevsky State University of Nizhni Novgorod - National Research University,Deactivated repositories,repository,,False,True,,"The name is a bare university/organization name with a ""Deactivated repositories"" publisher, indicating a defunct institutional repository rather than a genuine active scholarly venue."
S7407060314,Open Systems Publishings,Deactivated repositories,repository,,False,True,,"The name ""Open Systems Publishings"" appears garbled/generic and the publisher ""Deactivated repositories"" suggests a placeholder/junk record rather than a genuine venue."
S7407060315,Omsk F. M. Dostoevsky State University,Deactivated repositories,repository,,False,True,,"The display name is a bare university/organization name, not a venue title, and the publisher ""Deactivated repositories"" suggests a defunct or junk record."
S7407060316,Caspian Agrarian Federal Scientific Center of the Russian Academy of Sciences,Deactivated repositories,repository,,False,True,,"The name is a research organization/institution rather than a scholarly venue, and the publisher ""Deactivated repositories"" suggests a junk or defunct record."
S7407060317,Karto y Ov Ltd,Deactivated repositories,repository,,False,True,,"The name ""Karto y Ov Ltd"" looks like a garbled company name rather than a scholarly venue, and the publisher ""Deactivated repositories"" further signals a junk/inactive record."
S7407060319,Test,Deactivated repositories,repository,,False,False,S7407051059,"The display_name ""Test"" with publisher ""Deactivated repositories"" is a junk/placeholder record, not a genuine venue, and closely mirrors the existing ""Test"" repository candidates."
S7407060322,Publishing Group Logos,Deactivated repositories,repository,,False,True,,"""Publishing Group Logos"" with publisher ""Deactivated repositories"" appears to be junk metadata rather than a genuine scholarly venue."
S7407060324,PRINT-2 Ltd,Deactivated repositories,repository,,False,True,,"""PRINT-2 Ltd"" with publisher ""Deactivated repositories"" looks like a junk/company-name placeholder rather than a genuine scholarly venue."
S7407060325,Russian Association for the Study of Pain,Deactivated repositories,repository,,False,True,,"The name is a professional association/organization, not a scholarly venue, and the publisher ""Deactivated repositories"" suggests a junk/deactivated record."
S7407060327,RUSSIAN SOCIETY OF HISTORIANS OF MEDICINE,Deactivated repositories,repository,,False,True,,"The name is a bare organization/society name with publisher ""Deactivated repositories"" and no ISSNs, suggesting an organization masquerading as a venue rather than a genuine scholarly source."
S7407060329,"LLC ""NETWORK INSTITUTE OF ADDITIONAL PROFESSIONAL EDUCATION""",Deactivated repositories,repository,,False,True,,"The name is a bare organization/company name (""Network Institute of Additional Professional Education"") rather than a scholarly venue title, and the publisher ""Deactivated repositories"" suggests a junk record."
S7407060332,Sputnik+ Publishings,Deactivated repositories,repository,,False,True,,"The name ""Sputnik+ Publishings"" with publisher ""Deactivated repositories"" looks like a junk or test record rather than a genuine scholarly venue."
S7407060335,"National association of specialists in thrombosis, clinical haemostasiology and haemorheology",Repositories moved to a different RA,repository,,False,True,,"The display name is that of a professional association/organization rather than a scholarly venue, and the publisher field (""Repositories moved to a different RA"") is a metadata note, not a real publisher."
S7407060337,Saint Petersburg State Institute of Technology,Deactivated repositories,repository,,False,True,,"The display name is a university/institution name rather than a repository venue title, and the publisher ""Deactivated repositories"" suggests this is a defunct/placeholder record."
S7407060345,ABSU,Eko-Konnect,repository,,False,True,,"""ABSU"" is a bare acronym (likely Abia State University) with no ISSN, appearing to be an institution name rather than a genuine scholarly venue title."
S7407060447,HMRI (RoyLab),HMRI (RoyLab),repository,,False,True,,"The name ""HMRI (RoyLab)"" appears to be a lab/organization identifier rather than a genuine scholarly repository, with no ISSN and the display name identical to the publisher."
S7407060453,LAMMA DIGITAL TWIN,Laboratorio di Monitoraggio e Modellistica Ambientale per lo sviluppo sostenibile,repository,,False,True,,"""LAMMA DIGITAL TWIN"" appears to be a specific geoportal/web application feature rather than a genuine scholarly repository or publishing venue."
S7407060459,HEULDINS,HEULDINS,repository,,False,True,,"""HEULDINS"" is a garbled/nonsensical name with an identical publisher, no ISSNs, and no indication of being a genuine scholarly venue."
S7407060461,Société de l’Electricité et l’Electronique,Société de l’Electricité et l’Electronique,repository,,False,True,,"The display_name is identical to the publisher name, indicating a bare organization name masquerading as a venue rather than a genuine scholarly repository or journal."
S7407060471,Société des Neurosciences,Société des Neurosciences,repository,,False,True,,"This appears to be a bare organization/society name (""Société des Neurosciences"") with the same publisher, no ISSNs, and an unrelated INIST homepage, so it looks like an organization masquerading as a venue rather than a genuine scholarly source."
S7407060473,Astrakhan State Medical University,Deactivated repositories,journal,,False,True,,"The name is a bare institution/organization (Astrakhan State Medical University) with publisher ""Deactivated repositories"" and no ISSNs, so it appears to be an organization masquerading as a journal rather than a genuine venue."
S7407060474,Foundation for Science and Education,Deactivated repositories,repository,,False,True,,"The name ""Foundation for Science and Education"" with publisher ""Deactivated repositories"" appears to be an organization/deactivated repository name rather than a genuine scholarly venue."
S7407060481,"Federal State Budgetary Educational Institution of Higher Education ""Yaroslav-the-Wise Novgorod State University""",Deactivated repositories,repository,,False,True,,"The record is a bare organization/university name marked as a ""Deactivated repositories"" publisher, appearing to be an institution name masquerading as a venue rather than a genuine scholarly venue title."
S7407060482,"Association ""PAAS""",Repositories moved to a different RA,repository,,False,True,,"The name ""Association \""PAAS\"""" appears to be a bare organization/association name rather than a scholarly venue title, and the publisher field (""Repositories moved to a different RA"") is an administrative note, not a real publisher."
S7407060486,Summer School in Russian Literature,Deactivated repositories,repository,,False,True,,"""Summer School in Russian Literature"" reads as an event/program name rather than a scholarly venue, and the publisher ""Deactivated repositories"" strongly suggests a junk or defunct record."
S7407060501,Stanford Humanities Center,Stanford University Libraries,journal,,False,True,,"The display name is an organization (Stanford Humanities Center) rather than the actual journal; the homepage points to the journal ""Dibur,"" suggesting the venue name is misattributed to a hosting institution."
S7407060502,Ada Lovelace Institute,The Ada Lovelace Institute,repository,,False,True,,"This appears to be a research organization/institute name masquerading as a venue rather than a genuine scholarly repository, with no ISSN or clear venue identity."
S7407060513,Anwar Gargash Diplomatic Academy,Anwar Gargash Diplomatic Academy,repository,,False,True,,The display name is identical to the publisher and appears to be a bare organization/academy name rather than a distinct scholarly venue title.
S7407060514,Therapeutic Innovation Australia,Therapeutic Innovation Australia,repository,,False,True,,"The display_name and publisher are identical to an organization name (Therapeutic Innovation Australia is a national research infrastructure body), suggesting an organization masquerading as a venue rather than a genuine scholarly repository."
S7407060516,AMA Service GmbH,Repositories moved to a different RA,repository,,False,True,,"""AMA Service GmbH"" appears to be a company/organization name rather than a genuine scholarly venue, and the publisher field (""Repositories moved to a different RA"") is administrative boilerplate, not a real publisher."
S7407060517,Apeiron WSBPI,Deactivated repositories,repository,,False,True,,"Publisher ""Deactivated repositories"" and a cryptic suffix suggest a defunct/junk repository record rather than a genuine active venue; it is unrelated to the De Gruyter journal ""Apeiron""."
S7407060524,Hochschule Sachsen-Anhalt,Deactivated repositories,repository,,False,True,,"The name is a bare institution/university name with a ""Deactivated repositories"" publisher, suggesting an organization masquerading as a venue rather than a genuine scholarly repository."
S7407060525,Hüttentechnische Vereinigung der Deutschen Glasindustrie e.V.,Deactivated repositories,repository,,False,True,,"The name is an industry association/organization (""Hüttentechnische Vereinigung der Deutschen Glasindustrie e.V."") rather than a scholarly venue title, and the publisher field ""Deactivated repositories"" suggests a junk/deactivated record."
S7407060527,Lublin University of Technology,Repositories moved to a different RA,repository,,False,False,S4306400364,"The name is a bare institution name rather than a venue title, and it appears to be the same repository as the existing ""Lublin University of Technology Digital Library"" candidate."
S7407060528,MB-Mediasports,Deactivated repositories,repository,,False,True,,"The name ""MB-Mediasports"" with publisher ""Deactivated repositories"" and no ISSNs appears to be a defunct/junk record rather than a genuine scholarly venue."
S7407060530,Prior Art Publishing GmbH,Deactivated repositories,repository,,False,True,,"""Prior Art Publishing GmbH"" is a bare company/organization name with publisher ""Deactivated repositories,"" which suggests a defunct/junk record rather than a genuine scholarly venue."
S7407060537,International Atomic Energy Agency,Deactivated repositories,repository,,False,False,S4306473300,"The name is a bare organization name with a ""Deactivated repositories"" publisher, and it corresponds to the existing IAEA eBooks platform."
S7407060540,University of Jos,University of Jos,repository,,False,False,S4406922525,"The name ""University of Jos"" is a bare institution name, not a venue title, and it duplicates the existing ""University of Jos Institutional Repository""."
S7407060541,UQAM-DEV,Université du Québec à Montréal,repository,,False,True,,"The name ""UQAM-DEV"" appears to be a development/test placeholder rather than a genuine scholarly repository."
S7407060545,Radar electoral. La campaña presidencial en redes sociales,"Universidad de Los Andes, Chile",repository,,False,True,,"The name ""Radar electoral. La campaña presidencial en redes sociales"" reads as a project or publication title rather than a genuine scholarly venue/repository."
S7407060552,Amt für Statistik Berlin-Brandenburg,Deactivated repositories,repository,,False,True,,"""Amt für Statistik Berlin-Brandenburg"" is a government statistics office (organization name), not a scholarly venue, and the publisher field ""Deactivated repositories"" signals a junk/deactivated record."
S7407060554,VisitLab,CINECA - Consorzio Interuniversitario,repository,,False,True,,"""VisitLab"" appears to be a lab/group name (a CINECA visualization laboratory) rather than a genuine scholarly repository or venue, and it has no ISSN."
S7407060555,Cineca Press Office,CINECA - Consorzio Interuniversitario,repository,,False,True,,"""Cineca Press Office"" is an organizational/PR office name, not a genuine scholarly venue such as a journal or repository."
S7407060561,Würzburger Vorlesungsverzeichnisse,Universität Würzburg,journal,,False,True,,"""Würzburger Vorlesungsverzeichnisse"" means ""Würzburg course catalogs/lecture directories,"" which is administrative university material rather than a genuine scholarly venue."
S7407060566,FigureTwo,FigureTwo,repository,,False,True,,"""FigureTwo"" with identical publisher name and no ISSN looks like a junk/placeholder record rather than a genuine scholarly repository."
S7407060567,UM6SS,Mohammed VI University of Sciences and Health (UM6SS),repository,,False,True,,"The display name ""UM6SS"" is a bare acronym of the publishing organization (Mohammed VI University of Sciences and Health), not an actual repository or venue title."
S7407060569,Centre for Childhood and Youth Research (CCY),University of Luxembourg,repository,,False,True,,"This appears to be a research centre/organization name rather than a genuine scholarly venue, with no ISSN."
S7407060570,eFin-Blog,Zentrum verantwortungsbewusste Digitalisierung - Technische Universität Darmstadt,journal,,False,True,,"""eFin-Blog"" appears to be a blog hosted by a university center rather than a genuine scholarly venue like a journal or repository, with no ISSN."
S7407060576,OMP,Universidad Técnica Federico Santa María,repository,,False,True,,"""OMP"" is likely a truncated/abbreviated placeholder (Open Monograph Press software name) rather than a genuine venue title, though the homepage suggests a legitimate university ebook platform."
S7407060601,LAB,"Freie Universität Berlin, Universitätsbibliothek",journal,,False,True,,"""LAB"" is an ambiguous, likely-truncated name with no ISSN, making it unclear whether it is a genuine scholarly journal."
S7407060607,GESIS - Center for Gender Relations in Academia,Leibniz Institute for the Social Sciences,repository,,False,True,,"This appears to be an organizational unit (GESIS CEWS - Center of Excellence Women and Science) rather than a genuine scholarly repository venue, with no ISSNs and a name that reads as an institution/center."
S7407060608,GESIS Tombstone Pages,Leibniz Institute for the Social Sciences,repository,,False,True,,"""GESIS Tombstone Pages"" refers to placeholder/redirect pages for deleted or moved records, not a genuine scholarly venue."
S7407060613,Carta della Natura,Istituto Superiore per la Protezione e la Ricerca Ambientale,repository,,False,True,,"""Carta della Natura"" is an Italian environmental cartography/mapping project by ISPRA, not a scholarly venue such as a journal or repository."
S7407060614,CN COS,Istituto Superiore per la Protezione e la Ricerca Ambientale,repository,,False,True,,"""CN COS"" is a cryptic abbreviation with no ISSN and no clear indication it is a genuine scholarly venue."
S7407060616,VAL,Istituto Superiore per la Protezione e la Ricerca Ambientale,repository,,False,True,,"""VAL"" is an ambiguous, likely truncated or abbreviated name that does not clearly identify a genuine scholarly venue."
S7407060623,Training by DataCite Team,National Research Council of Thailand,repository,,False,True,,"""Training by DataCite Team"" appears to be a placeholder/test artifact from DataCite metadata rather than a genuine scholarly venue."
S7407060649,NASA International Space Apps Challenge Copenhagen,Polyneme LLC,repository,,False,True,,"This appears to be a hackathon/event instance (NASA Space Apps Challenge, Copenhagen edition) rather than a genuine scholarly publishing venue."
S7407060655,IBSA-BISA,Perspective,repository,,False,True,,"""IBSA-BISA"" is an ambiguous acronym with no ISSN, and the publisher ""Perspective"" appears generic, making this look like an incomplete or dubious venue record rather than a clearly identifiable scholarly repository."
S7407060661,Bureau de Change Laboratory,University of Lancaster,repository,,False,True,,"""Bureau de Change Laboratory"" does not resemble a genuine scholarly repository name and reads as a random or spurious phrase rather than a legitimate venue."
S7407060664,Shortform Hosting at Oxford,Oxford University DOI Service,journal,,False,True,,"""Shortform Hosting at Oxford"" with publisher ""Oxford University DOI Service"" reads like a DOI/hosting service description rather than a genuine scholarly venue, and it has no ISSNs."
S7407060668,Deutsche Hochdruckliga e.V.,Deactivated repositories,repository,,False,True,,"""Deutsche Hochdruckliga e.V."" is the name of an organization/association (German Hypertension League), not a scholarly venue, and the publisher ""Deactivated repositories"" suggests a defunct/junk record."
S7407060669,European Academy for Allergology and Clinical Immunology,Deactivated repositories,repository,,False,False,S4306470382,"This is the EAACI organization name (a society, not a venue) on a deactivated-repositories publisher, and it matches the existing EAACI eBook platform source."
S7407060670,"TU Braunschweig, Institut für Psychologie, Abt. Gerontopsychologie",Deactivated repositories,repository,,False,True,,"This is a university department/organizational name (""Abt. Gerontopsychologie"") with publisher ""Deactivated repositories,"" not a genuine scholarly venue title."
S7407060673,Tabriz University of Medical Sciences,Tabriz University of Medical Sciences,repository,,False,True,,"The name is a bare institution/publisher name (a university) masquerading as a repository venue, not a specific scholarly venue title."
S7407060676,Joachim Herz Stiftung (Programmbereich Wirtschaft),Deactivated repositories,repository,,False,True,,"The publisher ""Deactivated repositories"" and the name referencing an organizational program area suggest this is a defunct/administrative entry rather than a genuine scholarly venue."
S7407060680,INRS-DEV,Institut National de la Recherche Scientifique,repository,,False,True,,"The name ""INRS-DEV"" looks like a development/test placeholder rather than a genuine scholarly venue, and no ISSN is present."
S7407060683,Earthmover PBC,Earthmover PBC (United States),repository,,False,True,,"""Earthmover PBC"" is a company/organization name matching its own publisher, not a genuine scholarly venue, and the homepage points to a software app rather than a repository of scholarly works."
S7407060684,Soziologisches Forschungsinstitut Göttingen (SOFI) e.V.,Soziologisches Forschungsinstitut Göttingen,repository,,False,True,,"This is the name of a research institute (an organization), not a scholarly venue/repository title; it appears to be a bare organization name masquerading as a source."
S7407061886,Whatever,Università di Pisa,journal,2611-657X,False,True,,"The display_name ""Whatever"" is a generic placeholder-like phrase rather than a genuine venue title, despite having an ISSN and publisher."
S7407062031,Geekerd,Geekerd,journal,2674-5887,False,True,,"""Geekerd"" as both display name and publisher looks like a junk/placeholder record rather than a genuine scholarly journal."
S7407059826,Universiteit van Amsterdam,UvA/HvA Library,repository,,True,False,S7407051103,"This is the DARE repository of the University of Amsterdam and matches existing source 7407051103 exactly in name, publisher, and type."
S7407059880,CERN Document Server,CERN - European Organization for Nuclear Research,repository,,True,False,S4306402194,This is the same CERN Document Server repository as existing candidates (which also duplicate each other under name variants).
S7407059896,Toubkal,Centre National pour la Recherche Scientifique et Technique (CNRST),repository,,True,False,S7407050947,"Identical to existing candidate: same name, publisher, and type (Toubkal, CNRST repository)."
S7407059916,Repositorio de Datos - Universidad de la Costa,Universidad de la Costa,repository,,True,False,S7407051109,"Same institutional repository as ""Repositorio Universidad de la Costa"" (same publisher); the homepage field is an email address rather than a URL."
S7407059946,Repositorio de Datos - Universidad Cooperativa de Colombia,Universidad Cooperativa de Colombia,repository,,True,False,S7407055412,"Likely the data-repository variant of the same institutional repository at Universidad Cooperativa de Colombia; homepage is an email address, not a URL."
S7407059956,ALT Proceedings / UB Bern,Repositories moved to a different RA,journal,,True,False,S4387284806,"Same ""ALT Proceedings"" venue from University of Bern (UB Bern), just a name variant with publisher metadata differences."
S7407059968,Uni Genf: Connexe,Repositories moved to a different RA,repository,,True,False,S7407051284,"""Uni Genf: Connexe"" appears to be a name variant of the existing ""Uni Genf"" repository from the University of Geneva."
S7407059987,The Royal Central School of Speech and Drama,Deactivated repositories,repository,,True,False,S4306480790,This appears to be a name variant of the existing Royal Central School of Speech and Drama repository/ebook platform for the same institution.
S7407060026,Aberystwyth Research Portal,Prifysgol Aberystwyth University,repository,,True,False,S4306401660,"This is the same institutional repository as the existing candidate, differing only by name/publisher variant."
S7407060027,HEALLINK,Deactivated repositories,repository,,True,False,S7407051611,HEALLINK is the Greek academic libraries consortium; this record appears to be a name variant of the existing HEALLINK research data repository.
S7407060030,Hellenic Mediterranean University,Deactivated repositories,repository,,True,False,S7407051620,"Same institutional repository as the existing ""Hellenic Mediterranean University (former TEI of Crete)"" record, just a name/publisher variant."
S7407060067,Institut de recherche et d'études sur le monde arabe et musulman,French National Centre for Scientific Research,repository,,True,False,S4306488045,"This IRMAM repository matches candidate 4306488045's eBooks platform (same institution, singular ""monde arabe et musulman""), differing only by type and the ""eBooks"" suffix."
S7407060091,Revista Portuguesa de Oncologia,Fundação para a Ciência e Tecnologia,journal,2182-8067,True,False,S5407040098,"Matches ""Revista Portuguesa Oncologia"" (candidate 5407040098) as a name variant of the same oncology journal, despite different ISSN/publisher metadata."
S7407060142,White Rose Research Online,University of Leeds,repository,,True,False,S4306400854,"Same White Rose Research Online repository as the existing record, just with a shorter publisher/name variant."
S7407060146,Massey University Library Ebooks,Massey University,repository,,True,False,S4306475623,"This appears to be a name variant of ""Massey University eBooks"" (same publisher and institution, both ebook repositories), so likely not distinct."
S7407060153,Mines Repository at Mountain Scholar,Colorado School of Mines Arthur Lakes Library,repository,,True,False,S7407052040,"Same Colorado School of Mines repository as candidate 7407052040, just a longer name variant (""Mines Repository at Mountain Scholar"" vs ""Mines Repository"")."
S7407060167,Animal Welfare. Etológia és tartástechnológia,MTAKIK bucket,journal,,True,False,S5406963575,"Matches candidate 5406963575 (Animal Welfare Etológia és Tartástechnológia), a Hungarian title variant of the same journal."
S7407060171,Keletkutatás - Kőrösi Csoma Társaság,MTAKIK bucket,journal,,True,False,S5406929776,"This is the same journal ""Keletkutatás"" published by the Kőrösi Csoma Társaság, just with the society name appended to the title."
S7407060174,Performa folyóirat (Eszterházy Károly Egyetem BTK),Repositories moved to a different RA,repository,,True,False,S4210185660,"The new record ""Performa folyóirat"" (Hungarian for ""Performa journal"") from Eszterházy Károly Egyetem BTK appears to be a repository/name variant of the existing ""Performa"" journal (id 4210185660)."
S7407060178,DataCite Data File Access,California Digital Library,repository,,True,False,S7407051062,"""DataCite Data File Access"" appears to be a name variant of the existing DataCite repository rather than a separate venue."
S7407060198,Aotearoa Genomic Data Repository,University of Auckland,repository,,True,False,S7407052221,Same repository name matches an existing record differing only in listed publisher; likely a duplicate.
S7407060226,Ekonomia i Środowisko,"Wydawnictwo ""Ekonomia i Środowisko""",repository,,True,False,S4306509027,"This appears to be the Polish journal ""Ekonomia i Środowisko,"" matching candidate 4306509027 (""Ekonomia i Środowisko - Economics and Environment""); also the type ""repository"" seems incorrect for a journal."
S7407060236,STUDIO-NOA,Deactivated repositories,repository,,True,False,S4306489774,"STUDIO-NOA is a name variant of the same Polish publisher venue ""STUDIO NOA eBooks"" (also related to the Silesia eBooks platform)."
S7407060241,Swedish National Data Service – Services and Resources,Svensk nationell datatjänst,repository,,True,False,S7407052745,"This appears to be a name variant of the existing ""Swedish National Data Service"" repository by the same publisher."
S7407060272,Cardiometry Journal,Deactivated repositories,repository,,True,False,S2737259216,"""Cardiometry Journal"" appears to be a name variant of the existing ""Cardiometry"" source (Russian New University), despite the odd publisher/type metadata."
S7407060326,EDITORIAL REUS,Deactivated repositories,repository,,True,False,S4306469779,"""EDITORIAL REUS"" matches the publisher/venue ""Editorial Reus eBooks"" (candidate 4306469779), differing mainly in the ""eBooks"" suffix and repository-vs-ebook-platform type."
S7407060352,NERC Open Research Archive,NERC Environmental Data Service,repository,,True,False,S4306400758,Same NERC Open Research Archive repository (same homepage/institution) appearing under a publisher name variant.
S7407060372,حسابداری مدیریت,"Central Library, Islamic Azad University",journal,2228-5938|2322-1321,True,False,S4306536781,"Exact same Persian title ""حسابداری مدیریت"" (Management Accounting) as the existing candidate, which lacks ISSNs but is likely the same journal."
S7407060380,Persian Language and Literature   مجله علمی پژوهشی زبان و ادب فارسی,"Central Library, Islamic Azad University",journal,,True,False,S5406943640,"The bilingual title ""Persian Language and Literature / مجله علمی پژوهشی زبان و ادب فارسی"" is a name/script variant of the existing ""Persian Language and Literature"" journal, likely the same venue."
S7407060381,مدیریت بازاریابی-Journal of Marketing Management,"Central Library, Islamic Azad University",journal,1735-949X|2008-255X,True,False,S4306537903,"The new source's Persian title ""مدیریت بازاریابی"" exactly matches the existing candidate, making it the same journal (with English translation and ISSNs added)."
S7407060382,Journal of Artificial Intelligence in Electrical Engineering,"Central Library, Islamic Azad University",journal,2345-4652,True,False,S4306515344,Identical display name to candidate 4306515344 which lacks ISSNs; this appears to be the same venue with ISSN added.
S7407060391,Women and Family Studies     زن و مطالعات خانواده,"Central Library, Islamic Azad University",journal,2008-7225|2476-700X,True,False,S4306534875,"The new record's English title ""Women and Family Studies"" matches the existing candidate exactly; likely the same journal with added Persian title and ISSNs."
S7407060426,Journal of Food Biosciences and Technology,"Central Library, Islamic Azad University",journal,2228-7086,True,False,S4306515577,Matches existing candidate 4306515577 with identical display name; new record just adds ISSN and publisher details.
S7407060428,دانش مالی تحلیل اوراق بهادار,"Central Library, Islamic Azad University",journal,2251-6859|2383-2789,True,False,S4306536818,Identical display name matches existing candidate; the new record adds ISSNs and publisher for the same journal.
S7407060444,KTISIS,Cyprus University of Technology,repository,,True,False,S4306400897,"KTISIS is the Cyprus University of Technology institutional repository, matching candidate 4306400897 (""Ktisis at Cyprus University of Technology"") by publisher, type, and homepage."
S7407060485,Издательство «Политехника»,Deactivated repositories,repository,,True,False,S4306491006,"Same publisher venue (""Издательство «Политехника»"") as the existing eBook platform candidate, just a name/type variant."
S7407060493,Russian State Agrarian University-Moskow Timiryazev Agricultural Academy,Deactivated repositories,repository,,True,False,S4306528919,"This is the same institution (Timiryazev Agricultural Academy) as the existing candidate, appearing as a name variant/repository split."
S7407060508,Qucosa SLUB Dresden:  Publikationsserver der Sächsischen Landes- Staats- und Universitätsbibliothek Dresden,Sächsische Landesbibliothek - Staats- und Universitätsbibliothek Dresden (SLUB Dresden),repository,,True,False,S7407051707,Both are the Qucosa repository platform; this record is the SLUB Dresden instance/variant of the same Saxon Qucosa system.
S7407060580,Australian Data Archive,Australian Research Data Commons,repository,,True,False,S7407050515,"Same repository as existing candidate, only differing in publisher attribution (ARDC now hosts the Australian Data Archive)."
S7407060598,DataverseNO,UiT The Arctic University of Norway,repository,,True,False,S7407050717,"Identical name, publisher, and type to existing candidate 7407050717; this is a duplicate of the DataverseNO repository."
S7407060606,GESIS Data Archive,Leibniz Institute for the Social Sciences,repository,,True,False,S7407051518,"Identical name, publisher, and type to existing candidate 7407051518; this is a duplicate."
S7407060612,TSpace: University of Toronto Research Repository,University of Toronto,repository,,True,False,S4306400261,This is a name variant of the existing TSpace University of Toronto research repository.
S7407060618,Digital Commons@Becker,Washington University in St. Louis Libraries,repository,,True,False,S4306400764,"This is the same Washington University Becker institutional repository as candidate 4306400764, just a name/publisher variant."
S7407060682,ceur-ws.org,German Informatics Society,repository,,True,False,S4306467538,"This is the same CEUR-WS.org venue as the existing ""CEUR-WS.org eBooks"" candidate, just a name/type variant."
S7407060817,Estudios de Teoría Literaria,Universidad Nacional de Mar del Plata,journal,2313-9676,True,False,S4306509880,"This is the same journal as candidate 4306509880 (""Estudios de Teoría Literaria - Revista digital: artes, letras y humanidades""), a name variant of the same venue."
S7407060884,Revista Multidisciplinar Pey Këyo Científico,Centro Universitário Estácio da Amazônia,journal,2525-8508,True,False,S4306527772,Candidate 4306527772 is the same journal with the ISSN appended to its display name.
S7407060887,Journal of Electrical and Computer Engineering Innovations,Shahid Rajaee Teacher Training University,journal,2322-3952|2345-3044,True,False,S4306515529,"Matches existing candidate ""Journal of Electrical and Computer Engineering Innovations (JECEI)"" which includes the acronym form of the same venue."
S7407060911,پژوهش‌های زبان‌شناختی در زبان‌های خارجی,The University of Tehran,journal,2588-4123|2588-7521,True,False,S4306536636,Same Persian journal title differing only by spacing/ZWNJ variants (Foreign Language Research at University of Tehran).
S7407060912,"Freedom, Security & Justice",Editoriale scientifica,journal,2532-2079,True,False,S4306510895,"Title is a shortened form of the existing ""Freedom, Security & Justice: European Legal Studies,"" indicating the same journal."
S7407060932,RiCognizioni,Università degli Studi di Torino,journal,2384-8987,True,False,S4306528532,"""RiCognizioni"" matches the existing ""RiCOGNIZIONI. Rivista di Lingue e Letterature straniere e Culture moderne,"" both published by the University of Turin, so it is the same journal."
S7407060950,Современное дошкольное образование,"Publishing House ""MOSAIKA-SINTEZ""",journal,2782-4519|2949-5962,True,False,S4306540234,"The new source ""Современное дошкольное образование"" appears to be a name variant of the existing ""Современное дошкольное образование. Теория и практика"" (likely the same journal with/without subtitle)."
S7407060985,پژوهشنامه علم سنجی,Shahed University,journal,2423-3773|2423-5563,True,False,S4306536572,"""پژوهشنامه علم سنجی"" and candidate ""پژوهش نامه علم سنجی"" are the same journal (Scientometrics Research Journal) differing only by spacing/orthography."
S7407060989,Práticas da História,Universidade Nova de Lisboa,journal,2183-590X,True,False,S4306523055,"The new source shares the title ""Práticas da História"" with the existing candidate, which uses the fuller name variant of the same journal."
S7407060990,Olimpia,Universidad de Granma,journal,1812-2094|1817-9088,True,False,S4306521444,"""Olimpia"" from Universidad de Granma matches candidate 4306521444, the fuller title of the same journal from the same institution."
S7407060994,Österreichisches Religionspädagogisches Forum,Universität Graz,journal,1018-1539,True,False,S4306521733,"The existing candidate is an abbreviated form (""Österr."") of the same journal title."
S7407061001,European Papers,European Papers (www.europeanpapers.eu),journal,2499-8249,True,False,S4306510142,"""European Papers"" with ISSN 2499-8249 is the online name variant of ""European Papers - A Journal on Law and Integration"" (same journal, same ISSN)."
S7407061004,Press Start,University of Glasgow,journal,2055-8198,True,False,S4306401287,"Same University of Glasgow venue ""Press Start"" appearing as a name variant with differing type (journal vs repository)."
S7407061013,AIB Studi,Associazione italiana biblioteche,journal,2239-6152|2280-9112,True,False,S4306501162,"""AIB Studi"" is the short form of ""AIB studi: Rivista di biblioteconomia e scienze dell'informazione,"" the same Italian library science journal."
S7407061049,HYBRIS: Revista de Filosofía,CENALTES,journal,0718-8382,True,False,S4306512508,"Matches candidate 4306512508 (""HYBRIS, Revista de Filosofía""), the same Spanish philosophy journal with a name-variant spelling."
S7407061050,زبان‌شناسی و گویش‌های خراسان,Ferdowsi University of Mashhad,journal,2008-7233|2383-269X,True,False,S4306536920,Same Persian journal title (Linguistics and Khorasan Dialects) with only minor spacing variation; existing record lacks ISSNs but is clearly the same venue.
S7407061057,La Zaranda de Ideas,Asociación de Arqueólogos Profesionales de la República Argentina,journal,1669-7456|1853-1296,True,False,S4306518298,This is the same Argentine archaeology journal; the candidate uses the fuller subtitle form of the same title.
S7407061061,Sisyphus,Universidade de Lisboa,journal,2182-8474|2182-9640,True,False,S4306530069,"""Sisyphus"" from Universidade de Lisboa matches the existing ""Sisyphus: Journal of Education,"" a name variant of the same venue."
S7407061069,Computer Assisted Methods in Engineering and Science,Institute of Fundamental Technological Research Polish Academy of Sciences,journal,2299-3649|2956-5839,True,False,S2764722602,"This is the renamed continuation of ""Computer Assisted Mechanics and Engineering Sciences"" (same IFTR PAS publisher, ISSN 1232-308X corresponds to the earlier title), so likely the same venue under a name variant."
S7407061077,"Journal for Religion, Film and Media",Karl Franzens Universität Graz,journal,2414-0201,True,False,S4306515242,"Matches candidate 4306515242 ""Journal for Religion, Film and Media (JRFM)"", the same venue with an abbreviation variant."
S7407061087,معماری و شهرسازی ایران,Iranian Scientific Association of Architecture & Urbanism,journal,2228-589X|2645-7148,True,False,S4306537994,"The new source ""معماری و شهرسازی ایران"" matches candidate 4306537994 ""معماری و شهرسازی ایران(JIAU)"", differing only by the parenthetical abbreviation."
S7407061092,Canadian Journal for New Scholars in Education,Canadian Society for Studies in Education,journal,1916-9221,True,False,S4306505609,"The new source is the English form of the existing bilingual title ""Canadian Journal for New Scholars in Education/ Revue canadienne des jeunes chercheures et chercheurs en éducation""."
S7407061101,Caminhos da Educação Matemática em Revista,Instituto Federal de Sergipe,journal,1983-7399|2358-4750,True,False,S4306505586,"Same journal as the existing ""(Online)"" variant, differing only by the print-vs-online naming suffix."
S7407061104,Disegnare con,University of L'Aquila,journal,1828-5961,True,False,S4306508133,"""Disegnare con"" and ""DISEGNARECON"" are the same journal (spacing variant), confirmed by matching ISSN context and University of L'Aquila publisher."
S7407061108,برنامه ریزی فضایی,University of Isfahan,journal,2228-7485|2476-3357,True,False,S4306536511,"The new source ""برنامه ریزی فضایی"" (Spatial Planning) from University of Isfahan matches the existing candidate whose name is the same title with a parenthetical discipline qualifier ""(جغرافیا)""."
S7407061132,Revista Órbita Pedagógica,Instituto Superior de Ciências de Educação do Huambo,journal,2409-0131,True,False,S4306527801,"Candidate 4306527801 ""Revista Órbita Pedagógica. ISSN 2409-0131"" is the same journal, matching by name and the identical ISSN embedded in its title."
S7407061142,آموزه‌‌های فلسفه اسلامي,Razavi University of Islamic Sciences,journal,2251-9386|2783-4026,True,False,S4306536482,"The new source is the same journal as the existing candidate, differing only in minor Persian orthographic/spacing variants of the title."
S7407061196,Guan'gai paishui xuebao,Science Press,journal,1672-3317,True,False,S4306511737,"""Guan'gai paishui xuebao"" is a transliteration variant of the existing ""Guangai Paishui Xuebao"" (Journal of Irrigation and Drainage)."
S7407061212,"Revista Processus de Estudos de Gestão, Jurídicos e Financeiros",Jonas Rodrigo Gonçalves,journal,2178-2008|2237-2342,True,False,S4306527879,Matches existing candidate 4306527879 which is the same journal title with a diacritic/encoding variant.
S7407061223,Dianli xitong baohu yu kongzhi,Editorial office of Power System Protection and Control,journal,1674-3415,True,False,S4306507948,"This is the same journal (Power System Protection and Control) as the candidate, differing only in spacing/transliteration of the pinyin title."
S7407061250,Tebeosfera,ACyT Ediciones,journal,1579-2811,True,False,S4306531637,"""Tebeosfera"" appears to be the same venue as ""Tebeosfera: Cultura Gráfica,"" differing only by a subtitle variant."
S7407061275,مطالعات روان‌شناسی ورزشی,Sport Sciences Research Institute,journal,2345-2978|2538-1504,True,False,S4306537963,"The new source ""مطالعات روان‌شناسی ورزشی"" matches candidate 4306537963 ""مطالعات روانشناسی ورزشی"" (same title, differing only by zero-width joiner/spacing)."
S7407061278,Re:visit,Innsbruck University Press (IUP),journal,2960-4222,True,False,S7407053120,"""Re:visit"" from Innsbruck University Press likely matches ""REVISIT: Humanities & Medicine in Dialogue"" published by University of Innsbruck, appearing to be the same venue under a name variant."
S7407061299,Zhongguo shiyan zhenduanxue,Editorial Office of Chinese Journal of Laboratory Diagnosis,journal,1007-4287,True,False,S4306536012,"Same journal as candidate 4306536012, a transliteration variant of the Chinese Journal of Laboratory Diagnosis."
S7407061305,Vivomatografías,Núcleo de Estudios sobre Precine y Cine Silente Latinoamericano,journal,2469-0767,True,False,S4306534426,"Same journal as the existing candidate, which uses the fuller title variant ""Vivomatografías. Revista de estudios sobre precine y cine silente en Latinoamérica."""
S7407061324,CELEHIS,Universidad Nacional de Mar del Plata,journal,0328-5766|2313-9463,True,False,S4306505818,"""CELEHIS"" is the abbreviated form of the existing ""CELEHIS : Revista del Centro de Letras Hispanoamericanas"" from the same institution."
S7407061342,پژوهش‌های روان‌شناسی اجتماعی,Iranian Social Psychology association,journal,2251-8002|2717-3615,True,False,S4306536632,"The new source is the same Persian-language journal (""Social Psychology Research"") as the existing candidate, differing only in orthographic/spacing variants of the title."
S7407061354,Fangzai jianzai gongcheng xuebao,Journal of Disaster Prevention and Mitigation Engineering,journal,1672-2132,True,False,S4306510332,"Same journal as candidate; only romanization/spacing differs (""Fangzai"" vs ""Fang Zai Jianzai"")."
S7407061369,Gongye shui chuli,Editorial Office of Industrial Water Treatment,journal,1005-829X,True,False,S4306511607,"""Gongye shui chuli"" and ""Gongyeshui Chuli"" are transliteration variants of the same journal (Industrial Water Treatment)."
S7407061371,Zeitschrift für Ostmitteleuropa-Forschung,Verlag Herder Institut,journal,0948-8294|2701-0449,True,False,S4306535625,"The new source matches candidate 4306535625, which is the same journal with an added English subtitle (""Journal of East Central European Studies"")."
S7407061383,آموزه‌‌های فقه مدني,Razavi University of Islamic Sciences,journal,2251-936X|2783-3690,True,False,S4306536481,"Same journal title (آموزه‌های فقه مدنی) as the existing candidate, differing only in minor script/spacing variation."
S7407061388,پژوهشنامه روانشناسی مثبت,University of Isfahan,journal,2476-3705|2476-4248,True,False,S4306536570,"The Persian title ""پژوهشنامه روانشناسی مثبت"" matches the existing candidate's near-identical name variant (only spacing differs), indicating the same journal."
S7407061398,Journal of Behçet Uz Children's Hospital,Izmir Dr. Behcet Uz Children’s Hospital,journal,2822-4469,True,False,S2764603130,"This is a name variant (""Behçet Uz"" vs ""Dr. Behcet Uz"") of the same Izmir children's hospital journal appearing across candidates 2764603130 and 4210220565."
S7407061402,Annals of the University of Craiova: Economic Sciences Series,Universitatea din Craiova,journal,1223-365X|1843-3723,True,False,S4306502308,"Matches candidate 4306502308 (""Annals of University of Craiova - Economic Sciences Series"") as a name variant of the same economics series."
S7407061414,Turkish International Journal of Special Education and Guidance & Counselling,ECN  Yayıncılık,journal,1300-7432,True,False,S4306533461,"Same journal as candidate; matching ISSN 1300-7432 and title, differing only by appended abbreviation/ISSN in the candidate name."
S7407061438,AG - About Gender,Genova University Press,journal,2279-5057,True,False,S4306500913,"Same journal ""AG About Gender"" appearing under a shortened name variant of the existing Italian gender studies journal."
S7407061455,Zeitschrift Hochschule und Weiterbildung,Deutsche Gesellschaft für wissenschaftliche Weiterbildung und Fernstudium e.V. (DGWF),journal,2567-2673,True,False,S4306535656,"Same journal as candidate, which includes the ZHWB abbreviation of the identical title."
S7407061461,Journal of Advanced Manufacturing Technology,"Penerbit Universiti, Universiti Teknikal Malaysia Melaka",journal,1985-3157,True,False,S4306515281,"Matches existing ""Journal of Advanced Manufacturing Technology (JAMT)"" which appears to be the same venue with the abbreviation appended."
S7407061465,Shipin gongye ke-ji,The editorial department of Science and Technology of Food Industry,journal,1002-0306,True,False,S4306529854,"""Shipin gongye ke-ji"" is a transliteration variant of the same journal ""Shipin Gongye Keji"" (Science and Technology of Food Industry)."
S7407061475,Zhongguo pifu xingbingxue zazhi,Editorial Office of the Chinese Journal of Dermatovenereology,journal,1001-7089,True,False,S4306535987,"""Zhongguo pifu xingbingxue zazhi"" matches candidate 4306535987 ""Zhongguo Pifu Xingbing Xue Zazhi"" as the same journal in a transliterated name variant."
S7407061484,Pretextos,Pontifícia Universidade Católica de Minas Gerais,journal,2448-0738,True,False,S4306523150,"The new ""Pretextos"" published by PUC Minas matches candidate 4306523150 ""Pretextos - Revista da Graduação em Psicologia da PUC Minas,"" a name variant of the same PUC Minas venue."
S7407061498,Revue phénEPS,Physical and Health Education Canada,journal,1918-8927,True,False,S4306528455,"""Revue phénEPS"" is a name variant of the existing ""Revue phénEPS / PHEnex Journal"" from the same publisher."
S7407061499,روانشناسی پیری,Razi University,journal,2423-7647|2476-6836,True,False,S4306536907,"The new source name ""روانشناسی پیری"" matches the existing candidate ""روان‌شناسی پیری"" (Psychology of Aging) differing only by a ZWNJ character, indicating the same venue."
S7407061504,هیدروژیولوژی,Univeristy of Tabriz,journal,2588-3011|2588-4069,True,False,S4306538149,"The new source name ""هیدروژیولوژی"" is a spelling variant of the existing candidate ""هیدروژئولوژی"" (Hydrogeology), likely the same journal."
S7407061513,ArcHistoR Architettura Storia Restauro: Architecture History Restoration,Università Mediterranea di Reggio Calabria,journal,2384-8898,True,False,S4306502786,"The full title ""ArcHistoR Architettura Storia Restauro"" matches the abbreviated candidate ""ArcHistoR"" (id 4306502786), indicating the same journal."
S7407061520,Conserveries Mémorielles,Conserveries Mémorielles,journal,1718-5556,True,False,S4306506936,"The new source is a name variant of the existing ""Conserveries mémorielles. Revue transdisciplinaire"" journal."
S7407061530,TASK Quarterly,Gdańsk University of Technology,journal,1428-6394,True,False,S4306531599,"This is the same journal ""TASK Quarterly"" from Gdańsk, matching the existing candidate's fuller title."
S7407061542,Journal of Tourism and Heritage Research,INVESTUR (Asociaciones de Investigaciones y Estudios de Turismo),journal,2659-3580,True,False,S4306516375,"Candidate 4306516375 ""Journal of Tourism and Heritage Research: JTHR"" is the same venue under a name variant with subtitle abbreviation."
S7407061543,Mantichora,Edizioni Museo Pasqualino,journal,2240-5380,True,False,S4306519187,"""Mantichora"" matches the existing ""Mantichora. Italian Journal of Performance Studies,"" a name variant of the same venue."
S7407061553,"Language, Discourse & Society",International Sociological Association,journal,2239-4192,True,False,S4393919936,"Matches candidate 4393919936 as the same journal despite different ISSNs, likely a print-vs-online or metadata variant."
S7407061561,پژوهشنامه فلسفه دین,Imam Sadiq University,journal,2228-6578|2228-6586,True,False,S4306536577,"The new source shares the same core title ""پژوهشنامه فلسفه دین"" as the existing candidate (which includes the alternate name ""نامه حکمت""), indicating the same venue."
S7407061564,Iranian Journal of Chemistry & Chemical Engineering,Iranian Institute of Research and Development in Chemical Industries (IRDCI)-ACECR,journal,1021-9986,True,False,S31352170,"The new record matches the existing ""International English Edition"" of the same journal, indicating a name/edition variant rather than a distinct venue."
S7407061579,International Journal of Language & Law,International Language and Law Association,journal,2194-7414,True,False,S7407051528,"Same journal as candidate 7407051528 ""International Journal of Language and Law (JLL)""; the existing record is typed as a repository but represents the same venue."
S7407061582,پژوهش‌نامه متین,Research Institute of Imam Khomeini and Islamic Revolution,journal,2423-6462|2676-5888,True,False,S4306536580,"The new source ""پژوهش‌نامه متین"" matches candidate 4306536580 ""پژوهشنامه متین"" (same title, differing only by the zero-width joiner)."
S7407061604,Herausforderung Lehrer*innenbildung,BiSEd,journal,2625-0675,True,False,S4306512051,"This is the same journal as candidate 4306512051, whose fuller title includes the subtitle ""Zeitschrift zur Konzeption, Gestaltung und Diskussion""."
S7407061615,پژوهش‌نامه حقوق کیفری,University of Guilan Press,journal,2322-2328|2820-980X,True,False,S4306536568,"The new source ""پژوهش‌نامه حقوق کیفری"" is the same journal as candidate 4306536568 ""پژوهشنامه حقوق کیفری"", differing only by a ZWNJ spacing variant."
S7407061624,Gran Tour,Universidad de Murcia,journal,2172-8690,True,False,S4306511667,"""Gran Tour"" is the short-form name of ""GRAN TOUR, REVISTA DE INVESTIGACIONES TURÍSTICAS,"" the same journal."
S7407061625,Cooperativismo y Desarrollo,"Universidad de Pinar del Río ""Hermanos Saíz Montes de Oca""",journal,2310-340X,True,False,S4306507057,Same journal from Universidad de Pinar del Río (COODES) appearing as a name variant; the Colombian journal is a distinct venue.
S7407061630,Faces de Eva,"CICS.NOVA - Interdisciplinary Centre of Social Sciences, Universidade Nova de Lisboa",journal,0874-6885,True,False,S4306510294,"""Faces de Eva"" matches the existing ""Faces de Eva. Estudos sobre a Mulher"" as a name variant of the same journal."
S7407061641,Journal of Health Management & Informatics,Shiraz University of Medical Sciences,journal,2322-1097|2423-5857,True,False,S4306515618,"Likely the same Shiraz University journal as ""Journal of Health Management & Information Science"" (near-identical name from the same institution), just a name variant."
S7407061647,Journal of Science and Technology Mahasarakham University,Mahasarakham University,journal,2985-2617|2985-2625,True,False,S4306516054,"Same journal as candidate 4306516054, which includes the Thai-script name variant of the identical title from Mahasarakham University."
S7407061662,"Realidad, Tendencias y Desafíos en Turismo",Universidad Nacional del Comahue,journal,1850-4787|2545-6199,True,False,S4306525429,Matches candidate 4306525429 which is the same CONDET tourism journal under a near-identical name variant.
S7407061694,Design and Technology Education,The Design and Technology Association,journal,2040-8633,True,False,S2764598196,"This appears to be the same journal as candidate 2764598196 (""Design and technology education : an international journal""), a name variant of the same venue."
S7407061700,Sudamérica,Universidad Nacional de Mar del Plata,journal,2250-7779|2314-1174,True,False,S4306531269,"""Sudamérica"" appears to be a shortened name variant of the existing ""Sudamérica : Revista de Ciencias Sociales,"" likely the same social sciences journal from Universidad Nacional de Mar del Plata."
S7407061716,پژوهش‌نامۀ انتقادی متون و برنامه‌های علوم انسانی,Institute for Humanities and Cultural Studies (IHCS),journal,2383-1650,True,False,S4306536557,Same Persian journal title as candidate 4306536557 with only minor spacing differences; not distinct.
S7407061724,Journal of Materials and Engineering Structures,Mouloud Mammeri University of Tizi-Ouzou,journal,2170-127X,True,False,S4306515857,Matches candidate 4306515857 which is the same journal with its abbreviation « JMES » appended and a missing ISSN.
S7407061728,Forum Supervision,"Zentrum für wissenschaftliche Weiterbildung an der Universität Bielefeld e.V. (ZWW) Weiterbildender Masterstudiengang ""Supervision und Beratung""",journal,2199-6334,True,False,S4306510826,"""Forum Supervision"" appears to be a name variant of ""FoRuM Supervision - Zeitschrift für Beratungswissenschaft und Supervision"", the same Bielefeld supervision journal."
S7407061777,Formazione & Insegnamento,Pensa MultiMedia,journal,1973-4778|2279-7505,True,False,S4306510750,"The new source is the same journal as the candidate, whose fuller title is a name variant of ""Formazione & Insegnamento""."
S7407061784,Medienimpulse,"Bundesministerium für Bildung, Wissenschaft und Forschung",journal,2307-3187,True,False,S2737787548,"Same Austrian journal ""Medienimpulse"" as the existing candidate, differing only by ISSN (likely print-vs-online split)."
S7407061811,Agathón,LetteraVentidue Srl,journal,2532-683X|2464-9309,True,False,S4306500915,"""Agathón"" matches the existing ""AGATHÓN | International Journal of Architecture, Art and Design"" as a name variant of the same journal."
S7407061842,Zhongshan Daxue xuebao. Yixue kexue ban,Editorial Office of Journal of Sun Yat-sen University,journal,1672-3554,True,False,S4306536178,"This is the same journal (Journal of Sun Yat-sen University, Medical Science edition) as the existing candidate, differing only in transliteration spacing."
S7407061858,Revista de la Red de Intercátedras de Historia de América Latina Contemporánea,Universidad Nacional de Córdoba,journal,2250-7264,True,False,S4306526910,"The new source appears to be the same journal as candidate 4306526910, differing only by the ""Segunda Época"" (Second Era) name variant."
S7407061877,Revista Telemática de Filosofía del Derecho,Roberto M. Jiménez-Cano,journal,1575-7382,True,False,S4306527978,"This is the same journal as candidate 4306527978, which is a name variant with the abbreviation (RTFD) appended."
S7407061892,Iranian Journal of Chemical Engineering,Iranian Association of Chemical Engineering (IAChE),journal,1735-5397|2008-2355,True,False,S4306514386,"Same journal as candidate; the existing record uses the abbreviation ""(IJChE)"" but lacks ISSNs."
S7407061937,Ziglôbitha,Ziglôbitha,journal,2708-390X|2709-2836,True,False,S7407053550,"""Ziglôbitha"" is the short form of ""ZIGLÔBITHA Revue des Arts Linguistique Littérature et Civilisations,"" making these the same venue."
S7407061964,زبان و ادب فارسی,University of Tabriz,journal,2251-7979|2676-6779,True,False,S4306536922,"The new source ""زبان و ادب فارسی"" from University of Tabriz matches the existing candidate, which is explicitly labeled the former journal of the Faculty of Literature at University of Tabriz."
S7407061975,Jura Gentium,Jura Gentium Centre,journal,1826-8269,True,False,S4306516515,"The new source ""Jura Gentium"" matches the existing candidate's fuller title ""Jura Gentium: Rivista di filosofia del diritto internazionale e della politica globale"" as a shortened name variant."
S7407061976,دراسات في اللغة العربيّة وآدابها,Semnan University,journal,2008-9023|2538-3280,True,False,S4306536841,Candidate 4306536841 is the same journal with a near-identical title differing only in spacing.
S7407061986,Revista del CISEN,Universidad Nacional de Salta,journal,2344-9594,True,False,S4306526951,"Candidate 4306526951 ""Revista del CISEN Tramas/Maepova"" is the same venue (Universidad Nacional de Salta's CISEN journal) under a fuller name variant."
S7407061989,PraxisForschungLehrer*innenBildung,Wissenschaftliche Einrichtung Oberstufen-Kolleg der Universität Bielefeld,journal,2629-5628,True,False,S4306523082,"Candidate 4306523082 ""PraxisForschungLehrer*innenBildung. Zeitschrift für Schul- und Professionsentwicklung."" is the same journal with a fuller subtitle."
S7407062000,پژوهش و نگارش کتب دانشگاهی (پیوسته),Organization for Researching and Composing University Textbooks in the Humanities SAMT,journal,2676-7511,True,False,S4306536678,"Same journal title as candidate 4306536678, differing only by the ""(پیوسته)""/online designation suffix."
S7407062011,Jichu yixue yu linchuang,"Institute of Basic Medical Sciences and Peking Union Medical College Hospital, Chinese Academy of Medical Sciences / Peking Union Medical College.",journal,1001-6325,True,False,S4306515003,"""Jichu yixue yu linchuang"" and ""Jichuyixue Yulinchuang"" are transliteration/spacing variants of the same Chinese journal title."
S7407062044,رهیافتهای سیاسی و بین المللی,Shahid Beheshti University,journal,1735-739X|2645-4386,True,False,S4306536903,"The name ""رهیافتهای سیاسی و بین المللی"" matches candidate 4306536903 (and 4306536904) as orthographic/spacing variants of the same journal."
S7407062046,پژوهش های علوم دامی,University of tabriz,journal,2008-5125|2676-5705,True,False,S4306536649,"The new source ""پژوهش های علوم دامی"" published by University of Tabriz matches candidates 4306536649 and 4306536650, which are the same journal with the ""(دانش کشاورزی)"" subtitle and spacing variants."
S7407062050,Revista Portuguesa Otorrinolaringologia e Cirurgia de Cabeça e Pescoço,Portuguese Society of Otolaryngology and Head and Neck Surgery,journal,2184-6499,True,False,S4306527867,"Nearly identical title (minor ""de"" difference) matching candidate 4306527867, clearly the same journal."
S7407062053,حکمت سینوی,Imam Sadiq University,journal,2538-5267|2538-5275,True,False,S4306536786,"The new source ""حکمت سینوی"" matches the existing candidate ""حکمت سینوی (مشکوة النور)"" as a name variant of the same Avicennian wisdom journal."
S7407062062,Shanghai Jiaotong Daxue xuebao. Yixue ban,Editorial Office of Journal of Shanghai Jiao Tong University (Medical Science),journal,1674-8115,True,False,S4306529756,"This is the medical science edition (Yixue ban) matching candidate 4306529756 ""Yixueban"", a name variant of the same journal."
S7407062077,Landbauforschung,Julius Kühn-Institut,journal,2194-3605|2700-8711,True,False,S4306518083,"""Landbauforschung"" is the current title of the journal formerly ""Landbauforschung Völkenrode""; candidate 4306518083 uses the same current name variant."
S7407062079,پژوهش‌های حفاظت گیاهان ایران,Ferdowsi University of Mashhad,journal,2783-5383|2980-8170,True,False,S4306536623,"The new source's Persian title matches the candidate's Persian title (with an English translation appended), indicating the same journal."
S7407062102,Medicentro,Universidad de Ciencias Médicas de Villa Clara,journal,1029-3043,True,False,S4306519535,"""Medicentro"" from Universidad de Ciencias Médicas de Villa Clara matches the candidate ""Medicentro (Villa Clara)"" as a name variant of the same journal."
S7407062103,Onkologija,Institute of Oncology Ljubljana,journal,1408-1741|1581-3215,True,False,S4306521492,"""Onkologija"" from Institute of Oncology Ljubljana matches the Slovenian medical-scientific journal candidates (4306521492/4306521493); the ""Onkologie"" entries are different German/Czech venues."
S7407062122,Linchuang erke zazhi,Editorial Office of Journal of Clinical Pediatrics,journal,1000-3606,True,False,S4306518696,"""Linchuang erke zazhi"" (Journal of Clinical Pediatrics) matches candidate 4306518696 ""Linchuang Er Ke Zazhi"", a spacing/casing variant of the same transliterated title."
S7407062141,"Revista Latinoamericana de Estudios sobre Cuerpos, Emociones y Sociedad",Universidad de Córdova; Consejo Nacional de Investigaciones Científicas y Técnicas,journal,1852-8759,True,False,S4306527646,"This is the same journal as candidate 4306527646, which includes the RELACES acronym in its name variant."
S7407062143,Tyragetia,National Museum of History of Moldova,journal,1857-0240|2537-6330,True,False,S4306533602,"""Tyragetia"" and ""Tyragetia. Serie nouă / (Serie Nouă)"" refer to the same Moldovan museum journal under name variants."
S7407062145,Cuadernos AISPI,Ledizioni,journal,2283-981X|2785-728X,True,False,S4306507224,"""Cuadernos AISPI"" is a shortened form of ""Cuadernos AISPI: Estudios de lenguas y literaturas hispánicas"", the same journal."
S7407062177,پژوهش‌نامه کتابداری و اطلاع‌رسانی,Ferdowsi University of Mashhad,journal,2251-6344|3092-6130,True,False,S4306536578,"The new source is the same Persian library and information science journal as the existing candidate, differing only in minor spacing/orthographic variation of the title."
S7407062198,Registros,Universidad Nacional de Mar del Plata,journal,2250-8112,True,False,S4306525644,"""Registros"" is likely a shortened name variant of ""Registros. Revista de Investigación Histórica,"" an architecture history journal published by Universidad Nacional de Mar del Plata."
S7407062233,Astra Salvensis,"Transylvanian Association for Romanian Literature and Culture of Romanian People (ASTRA), Năsăud Department, Salva Circle",journal,2344-1887|2393-4727,True,False,S4306503593,"Same journal ""Astra Salvensis"" (published by ASTRA, Salva Circle) as the existing candidate, which uses the fuller Romanian subtitle variant."
S7407062249,古脊椎动物学报 (中英文版),Science Press,journal,2096-9899,True,False,S4306545296,"The new source ""古脊椎动物学报 (中英文版)"" is a name variant (bilingual edition) of the existing ""古脊椎动物学报""."
S7407062308,Lexicon Philosophicum,ILIESI,journal,2283-7833,True,False,S4306518602,"Matches candidate 4306518602 ""Lexicon Philosophicum: International Journal for the History of Texts and Ideas"" as a name variant of the same ILIESI journal."
S7407062310,Zeitschrift für Didaktik der Biologie - Biologie Lehren und Lernen,Bielefeld University,journal,2627-7255,True,False,S4306535577,"Same journal as the candidate, differing only by the parenthetical ""(ZDB)"" abbreviation in the name."
