source_id,display_name,oa_publisher,oa_country,doaj_title,doaj_publisher,doaj_country,walden_issns,doaj_match_issn,name_linked,n_tokens,flag_reason
S27475527,Public relations journal,,US,Public Relations Journal,Insitute for Public Relations,United States,0033-3670,1942-4604,True,3,
S32725236,Berliner und Münchener tierärztliche Wochenschrift,,DE,Berliner und Münchener Tierärztliche Wochenschrift,Schlütersche Fachmedien GmbH,Germany,0005-9366,1439-0299,True,5,
S33952821,Kritika,,US,Kritika,Institute for Philosophy and Social Theory,Serbia,1531-023X|1538-5000,2683-5959,True,1,country_conflict
S56137297,Currents,,US,Currents,Academic Association for Doctoral Students of English Philology,Poland,0748-478X,2545-0387,True,1,country_conflict
S117294868,Aleph,Indiana University Press,IL,Aleph,Edile (Edition et diffusion de l'écrit scientifique),Algeria,1553-3956|1565-1525,2437-1076,True,1,publisher_conflict;country_conflict
S163381719,NANO,World Scientific,SG,NANO,New York City College of Technology,United States,1793-2920|1793-7094,2160-0104,True,1,publisher_conflict;country_conflict
S168233274,Central Europe,Informa,GB,Central Europe,University of Minnesota Libraries Publishing,United States,1479-0963|1745-8218,2689-5978,True,2,publisher_conflict;country_conflict
S203437272,Asian Pacific Journal of Tropical Medicine,Medknow Publications,HK,Asian Pacific Journal of Tropical Medicine,Wolters Kluwer Medknow Publications,India,1995-7645,2352-4146,True,6,
S2736437162,Territorio Italia,,IT,Territorio Italia,Agenzia delle Entrate,Italy,,2499-2674,True,2,
S2736461717,Actualidad Económica,,ES,Actualidad Económica,Universidad Nacional de Córdoba,Argentina,,2250-754X,True,2,country_conflict
S2736494751,Andes,,PL,Andes,"Universidad Nacional de Salta, Facultad de Humanidades, Centro Promocional de las Investigaciones en Historia y Antropología",Argentina,1428-1384,1668-8090,True,1,country_conflict
S2736656097,Journal of Social Science Education,,DE,Journal of Social Science Education,Bielefeld University,Germany,,1618-5293,True,5,
S2736710644,Red Feather Journal,,,Red Feather Journal,Red Feather Journal,United States,,2150-5381,True,3,
S2737176555,Paidagogos,,,Paidagogos,"Paidagogos - Society For Philosophy, Theory and Praxis of Education",Czechia,,1213-3809,True,1,
S2737474119,Quaestus,,,Quaestus,"Editura Eurostampa, Timisoara",Romania,,2343-8134,True,1,
S2737603951,inTRAlinea: Online Translation Journal,,,inTRAlinea: Online Translation Journal,University of Bologna,Italy,,1827-000X,True,4,
S2737691579,Bulletin of Urooncology,Galenos Yayinevi,TR,Bulletin of Urooncology,Turkish Urooncology Association,Türkiye,2147-2122|2147-2270,2667-4610,True,3,publisher_conflict
S2737750433,International Journal of Economic Behavior,,,International Journal of Economic Behavior,Università degli Studi di Urbino Carlo Bo,Italy,,2069-5756,True,5,
S2737776543,Jurnal MIPA,dCartesian,ID,Jurnal MIPA,Universitas Negeri Semarang,Indonesia,2302-3899,0215-9945,True,2,publisher_conflict
S2737991997,Mamlūk studies review,,US,Mamlūk Studies Review,"Middle East Documentation Center (MEDOC), University of Chicago",United States,1086-170X,1947-2404,True,3,
S2738245935,Revista de investigaciones marinas,,CU,Revista de Investigaciones Marinas,Centro de investigaciones Marinas-UH,Cuba,0252-1962,1991-6086,True,4,
S2738442270,Archeologia e Calcolatori,,IT,Archeologia e Calcolatori,Edizioni All'Insegna del Giglio,Italy,,1120-6861,True,3,
S2738669136,Publicar en antropología y ciencias sociales,,AR,Publicar en Antropología y Ciencias Sociales,Colegio de Graduados en Antropología de la República Argentina,Argentina,0327-6627,2250-7671,True,6,
S2738819332,International Journal of Social and Educational Innovation,,RO,International Journal of Social and Educational Innovation,Association of Social and Educational Innovation,Romania,2392-6252,2393-0373,True,7,
S2738866478,Ts. Cuadernos de trabajo social,,CL,TS Cuadernos de Trabajo Social,Universidad de San Sebastián,Chile,0718-1612,0719-6520,True,5,
S2739148201,Issues in educational research,,AU,Issues in Educational Research,Australian Institutes for Educational Research,Australia,0313-7155,1837-6290,True,4,
S2739194947,Telemática,,,Telemática,Departamento de Telecomunicaciones y Telemática,Cuba,,1729-3804,True,1,
S2739332720,JETEN,,PT,JETEN,European Teacher Education Network,Belgium,,2183-2234,True,1,country_conflict
S2739335017,Glosas,,PT,Glosas,Academia Norteamericana de la Lengua Espanola,United States,2182-1380,2327-7173,True,1,country_conflict
S2764354211,International Journal of Industrial Engineering & Production Research,,,International Journal of Industrial Engineering and Production Research,Iran University of Science & Technology,"Iran, Islamic Republic of",,2345-363X,False,8,
S2764364248,Gulhane Medical Journal,Galenos Yayinevi,TR,Gülhane Tıp Dergisi,"Gülhane Faculty of Medicine, University of Health Sciences Türkiye",Türkiye,1302-0471,2146-8052,False,3,publisher_conflict
S2764402245,Alexandria Journal of Veterinary Sciences,,,Alexandria Journal of Veterinary Sciences,Faculy of Veterinary Medicine Alexandria University,Egypt,1110-2047,2536-9520,True,5,
S2764460177,Sahel Medical Journal,Medknow Publications,NG,Sahel Medical Journal,Wolters Kluwer Medknow Publications,India,1118-8561,2321-6689,True,3,
S2764467031,Journal of Medicinal Plants,Armenian Green Publishing Co.,IR,Journal of Medicinal Plants,"Institue of Medicinal Plants, ACECR","Iran, Islamic Republic of",1684-0240,2717-204X,True,4,publisher_conflict
S2764620049,international journal of advanced design and manufacturing technology,,,International Journal of Advanced Design and Manufacturing Technology,Islamic Azad University-Isfahan (Khorasgan) Branch,"Iran, Islamic Republic of",,2383-4447,True,8,
S2764687021,The Australasian Journal of Combinatorics,,,The Australasian Journal of Combinatorics,University of Queensland,Australia,,2202-3518,True,5,
S2764801849,Science and research,,,Science & Research,Union of Scientists - Stara Zagora,Bulgaria,,2535-0765,False,3,
S2764804366,Saudi Endodontic Journal,,IN,Saudi Endodontic Journal,Wolters Kluwer Medknow Publications,India,2278-9618,2320-1495,True,3,
S2764827333,Mediascapes journal,,,Mediascapes Journal,Sapienza Università Editrice,Italy,,2282-2542,True,2,
S2764834646,Ido Movement for Culture. Journal of Martial Arts Anthropology,,,Ido Movement for Culture: Journal of Martial Arts Anthropology,Idokan Poland Association in Rzeszów,Poland,,2082-7571,True,9,
S2764859838,Ewha Medical Journal,"The Ewha Medical Journal, Ewha Womans University College of Medicine",KR,The Ewha Medical Journal,Ewha Womans University College of Medicine,"Korea, Republic of",1598-7450,2234-2591,False,3,
S2764865170,Journal of Agriculture and Rural Development in the Tropics and Subtropics,,,Journal of Agriculture and Rural Development in the Tropics and Subtropics,Kassel University Press,Germany,,2363-6033,True,11,
S2764892019,Atatürk University Journal of Agricultural Faculty,Ataturk University Journal of the Agricultural Faculty,TR,Atatürk Üniversitesi Ziraat Fakültesi Dergisi,Atatürk University,Türkiye,1300-9036,2651-5016,False,6,publisher_conflict
S2764921196,The Italian Journal of Linguistics,,,Italian Journal of Linguistics,Pacini Editore Srl,Italy,,2499-8117,False,5,
S2764945352,Journal of Baghdad College of Dentistry,Journal of Baghdad College of Dentistry,IQ,Journal of Baghdad College of Dentistry,College of Dentistry/ University of Baghdad,Iraq,1680-0087,1817-1869,True,6,publisher_conflict
S2764989470,Chemical |Process Design,,,Chemical Process Design,University of Sistan and Baluchestan,"Iran, Islamic Republic of",,2980-8707,True,3,
S2764989659,journal of medicinal plants and by-products,,,Journal of Medicinal Plants and By-products,Iranian Medicinal Plants Society,"Iran, Islamic Republic of",,2322-1399,True,6,
S2764993024,The Journal of Art Historiography,,,Journal of Art Historiography,"Department of Art History, University of Birmingham",United Kingdom,,2042-4752,False,5,
S2765008358,future of medical education journal,,,Future of Medical Education Journal,Mashhad University of Medical Sciences,"Iran, Islamic Republic of",,2251-8347,True,5,
S2898159490,Matrix,Elsevier,NL,Matrix,"International Network for Training, Education, and Research on Culture",Canada,0934-8832|2352-0736,2563-3392,True,1,publisher_conflict;country_conflict
S4210169478,Entretextos,Universidade Estadual de Londrina,BR,Entretextos,Universidad de La Guajira,Colombia,1519-5392|2764-0809,2805-6159,True,1,publisher_conflict;country_conflict
S4210169633,Journal of Research in Psychology,Readers Insight Publisher,PK,Journal of Research in Psychology,"Lahore College for Women University, Lahore, Pakistan",Pakistan,2664-9497|2664-9500,2959-944X,True,5,publisher_conflict
S4210172585,Kastamonu University Journal of Forestry Faculty,Kastamonu University Journal of Forestry Faculty,TR,Kastamonu Üniversitesi Orman Fakültesi Dergisi,Kastamonu University,Türkiye,1303-2399,1309-4181,False,6,
S4210172977,Iranian Journal Of Health Sciences,Knowledge E,IR,علوم بهداشتی ایران,Mazandaran University of Medical Sciences,"Iran, Islamic Republic of",2322-4797,2322-553X,False,5,publisher_conflict
S4210174942,Turkish Journal of Hematology,Galenos Yayinevi,TR,Turkish Journal of Hematology,Turkish Society of Hematology,Türkiye,1300-7777,1308-5263,True,4,publisher_conflict
S4210174979,Diritto Dello Sport,Bononia University Press,IT,Diritto dello Sport,Bologna University Press,Italy,2284-3361,2785-1141,True,3,publisher_conflict
S4210175814,Journal of Education and Research in Nursing,Logos Medical Publication,TR,Journal of Education and Research in Nursing,Koc University,Türkiye,1305-0397|2618-5741,2757-9204,True,7,publisher_conflict
S4210176476,History Education Research Journal,Institute of Education Press,GB,History Education Research Journal,UCL Press,United Kingdom,1472-9466|1472-9474,2631-9713,True,4,publisher_conflict
S4210179742,Agricultura,,SI,Agricultura,AcademicPres,Romania,1580-8424|1580-8432|1581-5439,1221-5317,True,1,country_conflict
S4210180913,Asian Journal of Economics and Banking,,GB,Asian Journal of Economics and Banking,Emerald Publishing,United Kingdom,2633-7991,2615-9821,True,6,
S4210183044,Teknika,Universitas Semarang,ID,Teknika,Universitas Semarang,Indonesia,2580-8478,1410-4202,True,1,
S4210183707,Revista Enfoques,Centro de Investigacion y Desarrollo Ecuador,BO,Revista Enfoques,Universidad Central de Chile,Chile,2616-8219,0718-9656,True,2,publisher_conflict;country_conflict
S4210185334,Asian Journal of Assessment in Teaching and Learning,Universiti Pendidikan Sultan Idris,MY,Asian Journal of Assessment in Teaching and Learning,UPSI Press,Malaysia,2232-1926|2600-870X,2821-2916,True,8,publisher_conflict
S4210188434,Revista Brasileira Multidisciplinar,Revista Brasileira Multidisciplinar - Rebram,BR,Revista Brasileira Multidisciplinar - ReBraM /Brazilian Multidisciplinay Journal,"Maria Lúcia Ribeiro,",Brazil,2527-2675,1415-3580,False,3,publisher_conflict
S4210190064,The Journal of Mesopotamian Studies,The Journal of Mesopotamian Studies,TR,Artuklu Kurdology,Mardin Artuklu University,Türkiye,2147-6659,3062-0236,False,5,publisher_conflict
S4210195256,Management & Data Science,Management et Data Science,FR,Management & Datascience,Association Management & Datascience,France,2555-7033,2555-7017,True,4,publisher_conflict
S4210195500,Uludağ İlahiyat Dergisi,Uludag University Faculty of Theology,TR,Uludağ İlahiyat Dergisi,Bursa Uludağ University,Türkiye,1301-3394|2667-680X,2980-2482,True,3,publisher_conflict
S4210196521,Journal of Civil & Environmental Engineering,OMICS Publishing Group,US,Journal of civil and environmental engineering,University of Tabriz,"Iran, Islamic Republic of",2165-784X,2008-7918,False,6,publisher_conflict;country_conflict
S4210196690,Contemporary Social Sciences,,IN,Contemporary Social Sciences,Editorial Department of Contemporary Social Sciences,China,0302-9298,2096-0212,True,3,
S4210197338,Erciyes İletişim Dergisi,Erciyes Iletisim Dergisi,TR,Erciyes İletişim Dergisi,Erciyes University,Türkiye,1308-3198,2667-5811,True,3,publisher_conflict
S4210198017,İstanbul Üniversitesi Orman Fakültesi Dergisi,Istanbul University,TR,İstanbul Üniversitesi Orman Fakültesi Dergisi,İstanbul University,Türkiye,1309-6257,0535-8418,True,5,publisher_conflict
S4210199498,Recherches en didactique des langues et des cultures,OpenEdition,FR,Recherches en didactique des langues et des cultures,ACEDLE,France,1958-5772,2606-2534,True,8,publisher_conflict
S4210202716,Osmanlı Bilimi Araştırmaları / Studies in Ottoman Science,Istanbul University,TR,Osmanli Bilimi Arastirmalari,Istanbul University Press,Türkiye,2458-7982,1303-3123,False,8,
S4210204018,Turkish Journal of Plastic Surgery / Türk Plastik Rekonstrüktif ve Estetik Cerrahi Dergisi,Medknow Publications,TR,Turkish Journal of Plastic Surgery,Wolters Kluwer Medknow Publications,India,1308-8475,2528-8644,False,13,country_conflict
S4210206280,Scientific Bulletin,,PL,Buletinul Ştiinţific al Academiei Trupelor de Uscat,Sciendo,Poland,2451-3148,2247-8396,False,2,
S4210207260,The Polish Journal of Aesthetics,Index Copernicus International,PL,The Polish Journal of Aesthetics,Institute of Philosophy of the Jagiellonian University,Poland,1643-1243|2353-723X,2544-8242,True,5,publisher_conflict
S4210210927,International Review of Social Psychology,"Ubiquity Press, Ltd.",FR,International Review of Social Psychology,Ubiquity Press,United Kingdom,0992-986X|2119-4130,2397-8570,True,5,country_conflict
S4210212637,Lisanul Arab Journal of Arabic Learning and Teaching,Universitas Negeri Semarang,ID,Lisan Al-Arab: Journal of Arabic Language and Arabic,Universitas Negeri Semarang,Indonesia,2721-4222,2252-6269,False,8,
S4210213780,INRAE Productions Animales,Universite de Bordeaux,FR,INRAE Productions Animales,"Institut national de recherche pour l’agriculture, l’alimentation et l’environnement (INRAE)",France,2273-774X|2273-7766,2824-3633,True,3,publisher_conflict
S4210218306,International Journal on Language Research and Education Studies,Faculty of Islamic Education and Teachers Training,ID,IJLRES (International Journal on Language Research and Education Studies),State Islamic University of North Sumatra,Indonesia,2580-6785,2580-6777,False,8,publisher_conflict
S4210220095,Sari Pediatri,Paediatrica Indonesiana  - Indonesian Pediatric Society,ID,Sari Pediatri,Badan Penerbit Ikatan Dokter Anak Indonesia,Indonesia,2338-5022,2338-5030,True,2,publisher_conflict
S4210221078,Educational futures,,NL,Educational Futures,The International Education Studies Association,United Kingdom,2214-9864|2214-9872,1758-2199,True,2,country_conflict
S4210221339,SENDAS,Instituto de Innovacion y Formacion Cientifica,PE,Sendas,Editorial de la Facultad de Artes de la Universidad Nacional de Córdoba,Argentina,2708-6380,2618-2254,True,1,publisher_conflict;country_conflict
S4210221379,Korean Journal of Anesthesiology,The Korean Society of Anesthesiologists,KR,Korean Journal of Anesthesiology,Korean Society of Anesthesiologists,"Korea, Republic of",0302-5780,2005-6419,True,4,
S4210225307,The Journal of V N Karazin Kharkiv National University Series Physics,V. N. Karazin Kharkiv National University,UA,Vìsnik Harkìvsʹkogo nacìonalʹnogo unìversitetu ìmenì V.N. Karazìna. Serìâ: fìzika.,V. N. Karazin Kharkiv National University,Ukraine,2073-3771,2222-5617,False,11,
S4210230201,Cellular Oncology,Springer Nature,NL,Cellular Oncology,Wiley,United Kingdom,2211-3428|2211-3436,1570-5870,True,2,publisher_conflict;country_conflict
S4210230485,Yeungnam University Journal of Medicine,Yeungnam University College of Medicine,KR,Yeungnam University Journal of Medicine,Yeungnam University College of Medicine,"Korea, Republic of",1225-7737|2234-8042,2384-0293,True,5,
S4210230978,Ramon journal of applied ethics,,ES,Ramon Journal of Applied Ethics,Ramon Llull University and Herder (publishing house),Spain,2229-578X,2938-4362,True,5,
S4210231444,AL-Kauniyah Jurnal Biologi,LP2M Universitas Islam Negeri (UIN) Syarif Hidayatullah Jakarta,ID,Al-Kauniyah Jurnal Biologi,Universitas Islam Negeri Syarif Hidayatullah Jakarta,Indonesia,2502-6720,1978-3736,True,3,publisher_conflict
S4210232099,Journal of Rehabilitation,Negah Scientific Publisher,IR,Journal of Rehabilitation,University of Social Welfare and Rehabilitation Sciences,"Iran, Islamic Republic of",2538-6247,1607-2960,True,3,publisher_conflict
S4210232533,DIYÂR,Nomos Verlag,DE,Diyâr,Nomos Verlagsgesellschaft mbH & Co. KG,Germany,2625-9842,2942-3155,True,1,
S4210233058,Serviço Social e Saúde,Universidade Estadual de Campinas,BR,Serviço Social & Saúde,Universidade Estadual de Campinas,Brazil,1676-6806,2446-5992,False,4,
S4210236843,Selçuklu Medeniyeti Araştırmaları Dergisi,Selcuklu Medeniyeti Arastirmalari Dergisi (SEMA),TR,Selçuklu Medeniyeti Araştırmaları Dergisi,Necmettin Erbakan University Press,Türkiye,2651-2602,2548-0367,True,4,publisher_conflict
S4210239041,Acta Politica Polonica,University of Szczecin,PL,Acta Politica Polonica,Szczecin University Press,Poland,0867-0617,2451-0432,True,3,publisher_conflict
S4306500136,Acción,,,Acción,Universidad de Ciencias de la Cultura Física y el Deporte “Manuel Fajardo”,Cuba,,1812-5808,True,1,
S4306500385,Acta Médica del Centro,,,Acta Médica del Centro,Editorial Ciencias Médicas,Cuba,,2709-7927,True,4,
S4306500418,Acta musei porolissensis,,,Acta Musei Porolissensis,Editura Mega,Romania,,1016-2801,True,3,
S4306500889,African Journal on Land Policy and Geospatial Sciences,,,African Journal on Land Policy and Geospatial Sciences,EL-AYACHI,Morocco,,2657-2664,True,8,
S4306501342,Aldea Mundo,,,Aldea Mundo,Universidad de Los Andes,"Venezuela, Bolivarian Republic of",,2443-4515,True,2,
S4306501937,Anales de la Academia de Ciencias de Cuba,,,Anales de la Academia de Ciencias de Cuba,Academia de Ciencias de Cuba,Cuba,,2304-0106,True,8,
S4306502221,Annales Scientia Politica,,,Annales Scientia Politica,University of Presov,Slovakia,,1339-0732,True,3,
S4306502411,Antropologia,,,Antropologia,Ledizioni,Italy,,2281-4043,True,1,
S4306502500,Anuario del Centro de Estudios Históricos Profesor Carlos S. A. Segreti,,,"Anuario del Centro de Estudios Históricos ""Profesor Carlos S. A. Segreti""",Centro de Estudios Históricos Segreti,Argentina,,2683-9164,True,11,
S4306502632,Applied Journal of Environmental Engineering Science,,,Applied Journal of Environmental Engineering Science,University Ibn Zohr,Morocco,,2509-2065,True,6,
S4306502766,Archeomatica,,IT,Archeomatica,mediaGEO soc. coop.,Italy,,2384-9428,True,1,
S4306502914,"Archivos del Hospital Universitario ""General Calixto García""",,,"Archivos del Hospital Universitario ""General Calixto García""",Editoral de Ciencias Médicas (ECIMED),Cuba,,2707-9120,True,7,
S4306503151,Arta Medica,,,Arta Medica,Association of Surgeons of the Republic of Moldova,"Moldova, Republic of",,1810-1852,True,2,
S4306503201,Artl@s Bulletin,,,Artl@s Bulletin,Purdue University Press,United States,,2264-2668,True,2,
S4306503657,Atatürk Dergisi,,,Atatürk Dergisi,Atatürk University,Türkiye,,3062-0929,True,2,
S4306503844,AUT Journal of Civil Engineering,,,AUT Journal of Civil Engineering,Amirkabir university of Technology,"Iran, Islamic Republic of",,2588-2899,True,5,
S4306503845,AUT Journal of Electrical Engineering,,,AUT Journal of Electrical Engineering,Amirkabir University of Technology,"Iran, Islamic Republic of",,2588-2929,True,5,
S4306503846,AUT Journal of Mechanical Engineering,,,AUT Journal of Mechanical Engineering,Amirkabir University of Technology,"Iran, Islamic Republic of",,2588-2945,True,5,
S4306503847,AUT Journal of Modeling and Simulation,,,AUT Journal of Modeling and Simulation,Amirkabir University of Technology,"Iran, Islamic Republic of",,2588-2961,True,6,
S4306503914,Avtobiografija,,,Avtobiografija,Dipartimento di Studi Linguistici e Letterari - Università di Padova,Italy,,2281-6992,True,1,
S4306504072,B@belonline,,,B@belonline,Mimesis Edizioni,Italy,,2531-8624,True,1,
S4306504339,Bingchuan Dongtu,,,Bingchuan dongtu,Science Press,China,,1000-0240,True,2,
S4306504603,Boletim Gaúcho de Geografia,,BR,Boletim Gaùcho de Geografia,"Associação dos Geógrafos Brasileiros, Seção de Porto Alegre",Brazil,,0101-7888,True,4,
S4306504825,Bollettino della società italiana di fotogrammetria e topografia,,,Bollettino della Società Italiana di Fotogrammetria e Topografia,Società Italiana di Fotogrammetria e Topografia,Italy,,1721-971X,True,8,
S4306504834,Bollettino Filosofico,,,Bollettino Filosofico,Università degli Studi di Napoli Federico II,Italy,,2035-2670,True,2,
S4306505424,Cadernos de Saúde,,,Cadernos de Saúde,"Universidade Católica Portuguesa, Instituto de Ciências da Saúde",Portugal,,1647-0559,True,3,
S4306505442,Cadmus,,,Cadmus,"Risk Institute, Trieste- Geneva",Italy,,2038-5242,True,1,
S4306505480,Cahiers de Psychologie Politique,,,Cahiers de Psychologie Politique,Association française de psychologie politique,France,,1776-274X,True,4,
S4306506000,Chengshi Guidao Jiaotong Yanjiu,,,Chengshi guidao jiaotong yanjiu,Urban Mass Transit Magazine Press,China,,1007-869X,True,4,
S4306506170,Chronic Diseases Journal,,,Chronic Diseases Journal,Vesnu Publications,"Iran, Islamic Republic of",,2588-7297,True,3,
S4306506242,Ciencia & Futuro,,,Ciencia & Futuro,Editorial Digital Universitaria Moa,Cuba,,2306-823X,True,3,
S4306506263,Ciencias Holguín,,CU,Ciencias Holguín,Centro de Información y Gestión Tecnológica (CIGET) Holguín,Cuba,,1027-2127,True,2,
S4306506847,Conflicto Social,,AR,Conflicto Social,"Universidad de Buenos Aires, Facultad de Ciencias Sociales, Instituto de Investigaciones Gino Germani",Argentina,,1852-2262,True,2,
S4306506966,CONSTRUINDO,,,Construindo,Universidade Fumec,Brazil,,2318-6127,True,1,
S4306507039,Controversias y Concurrencias Latinoamericanas,,,Controversias y Concurrencias Latinoamericanas,Asociación Latinoamericana de Sociología,Argentina,,2219-1631,True,4,
S4306507074,Correo Científico Médico,,,Correo Científico Médico,Universidad de Ciencias Médicas de Holguín,Cuba,,2708-5481,True,3,
S4306507157,Critical Hermeneutics,,,Critical Hermeneutics,UNICApress,Italy,,2533-1825,True,2,
S4306507191,Cross Cultural Studies: Education and Science,,,Cross-Cultural Studies: Education and Science,Cross-Cultural Studies: Education and Science,United States,,2470-1262,True,6,
S4306507229,Cuadernos Chilenos de Historia de la Educación,,,Cuadernos Chilenos de Historia de la Educación,Vicerrectoría de Investigación y Postgrado de la Universidad de O'Higgins,Chile,,0719-3483,True,7,
S4306507311,Cuadernos del Instituto Nacional de Antropología y Pensamiento Latinoamericano,,,Cuadernos del Instituto Nacional de Antropología y Pensamiento Latinoamericano,Instituto Nacional de Antropología y Pensamiento Latinoamericano,Argentina,,2422-7749,True,9,
S4306507321,Cuadernos de Marte,,,Cuadernos de Marte,"Universidad de Buenos Aires, Facultad de Ciencias Sociales, Instituto de Investigaciones Gino Germani",Argentina,,1852-9879,True,3,
S4306507392,Cuestión Urbana,,,Cuestión Urbana,Universidad de Buenos Aires,Argentina,,2545-6881,True,2,
S4306507417,Cultura Física y Deportes de Guantánamo,,,Cultura Física y Deportes de Guantánamo,Universidad de Guantánamo,Cuba,,2519-9455,True,6,
S4306507432,Culture e Studi del Sociale,,,Culture e Studi del Sociale,University of Salerno,Italy,,2531-3975,True,5,
S4306507935,Dialogues in Clinical Neuroscience & Mental Health,,,Dialogues in Clinical Neuroscience & Mental Health,InterOPTICS,Greece,,2585-2795,True,7,
S4306507955,Dianzi Jishu Yingyong,,,Dianzi Jishu Yingyong,National Computer System Engineering Research Institute of China,China,,0258-7998,True,3,
S4306508202,Dizhen Xuebao,,,Dizhen xuebao,Editorial Office of Acta Seismologica Sinica,China,,0253-3782,True,2,
S4306508208,Dizhi yu Kantan,,,Dizhi yu kantan,Editorial Board of Geology and Exploration,China,,0495-5331,True,3,
S4306508401,Drepturile omului,,,Drepturile Omului,Institutul Român pentru Drepturile Omului,Romania,,2668-9499,True,2,
S4306508552,E|C,,,E|C,Mimesis Edizioni,Italy,,1973-2716,True,1,
S4306508791,"Educación, Formación e Investigación.",,,"Educación, Formación e Investigación","Ministerio de Educación, Dirección General de Educación Superior",Argentina,,2422-5975,True,4,
S4306508883,Edukacja ustawiczna dorosłych,,,Edukacja Ustawiczna Dorosłych,Łukasiewicz Research Network – The Institute for Sustainable Technologies,Poland,,2391-8020,True,3,
S4306509562,Environmental Energy and Economic Research,,,Environmental Energy and Economic Research,Iranian Association for Energy Economics,"Iran, Islamic Republic of",,2538-4988,True,5,
S4306509568,Environmental Resources Research,,,Environmental Resources Research,Gorgan University of Agricultural Sciences and Natural Resources,"Iran, Islamic Republic of",,2783-4832,True,3,
S4306509611,épocas,,,Épocas,UNiversidad del Salvador,Argentina,,1851-443X,True,1,
S4306509807,Essays in French Literature and Culture,,,Essays in French Literature and Culture,The University of Western Australia,Australia,,1835-7040,True,6,
S4306509833,Estrategia y Gestión Universitaria,,,Estrategia y Gestión Universitaria,Universidad de Ciego de Ávila Máximo Gómez Báez,Cuba,,2309-8333,True,4,
S4306509901,Estudios interlingüísticos,,,Estudios Interlingüísticos,Asociación de Jóvenes Lingüistas,Spain,,2340-9274,True,2,
S4306510019,EtnoAntropologia,,,EtnoAntropologia,CLUEB,Italy,,2284-0176,True,1,
S4306510352,Farol - Revista de Estudos Organizacionais e Sociedade,,,Farol. Revista de Estudos Organizacionais e Sociedade,Universidade Federal de Minas Gerais,Brazil,,2358-6311,True,8,
S4306510741,Forma Breve,,,Forma Breve,UA Editora,Portugal,,2183-4709,True,2,
S4306511019,FUUAST Journal of Biology,,,FUUAST Journal of Biology,Federal Urdu University of Arts Science and Technology,Pakistan,,2616-8758,True,4,
S4306511046,Gaceta Médica Espirituana,,,Gaceta Médica Espirituana,Universidad de Ciencias Médicas de Sancti Spíritus,Cuba,,3005-3781,True,3,
S4306511105,Gaoya Wuli Xuebao,,,Gaoya wuli xuebao,Editorial Office of Chinese Journal of High Pressure Physics,China,,1000-5773,True,3,
S4306511115,Gas Processing Journal,,,Gas Processing Journal,University of Isfahan,"Iran, Islamic Republic of",,2322-3251,True,3,
S4306511338,GEOmedia,,,GEOmedia,mediaGEO soc. coop.,Italy,,2283-5687,True,1,
S4306511492,"Giornale Italiano di Educazione alla Salute, Sport e Didattica Inclusiva",,,"Giornale italiano di educazione alla salute, sport e didattica inclusiva",Edizioni Universitarie Romane,Italy,,2532-3296,True,10,
S4306511743,Guangxi Zhiwu,,,Guangxi Zhiwu,China Science Publishing & Media Ltd. (CSPM),China,,1000-3142,True,2,
S4306511903,Hanjie Xuebao,,,Hanjie xuebao,"Editorial Office of Transactions of the China Welding Institution, Welding Journals Publishing House",China,,0253-360X,True,2,
S4306512152,HiN - Alexander von Humboldt im Netz. Internationale Zeitschrift für Humboldt-Studien,,,HiN - Alexander von Humboldt im Netz. Internationale Zeitschrift für Humboldt-Studien,Universität Potsdam,Germany,,1617-5239,True,11,
S4306512203,Historias Fingidas,,IT,Historias Fingidas,Dipartimento di Lingue e Letterature Straniere - Università di Verona,Italy,,2284-2667,True,2,
S4306512259,Hmeljarski Bilten,,,Hmeljarski Bilten,Inštitut za hmeljarstvo in pivovarstvo Slovenije,Slovenia,,2536-1988,True,2,
S4306512425,Huaxue Shiji,,,Huaxue shiji,Editorial Office of Chemical Reagents,China,,0258-3283,True,2,
S4306512451,Huli Yanjiu,,,Huli yanjiu,Shanxi Medical Periodical Press,China,,1009-6493,True,2,
S4306513093,Indagatio Didactica,,,Indagatio Didactica,Universidade de Aveiro,Portugal,,1647-3582,True,2,
S4306513345,Ingeniería Hidráulica y Ambiental,,,Ingeniería Hidráulica y Ambiental,"Universidad Tecnológica de La Habana José Antonio Echeverría, Cujae",Cuba,,2788-6050,True,4,
S4306513348,Ingeniería Mecánica,,,Ingeniería Mecánica,Instituto Superior Politécnico José Antonio Echeverría - Cujae,Cuba,,1815-5944,True,2,
S4306513396,Innovations Agronomiques,,,Innovations Agronomiques,"Institut national de recherche pour l’agriculture, l’alimentation et l’environnement (INRAE)",France,,1958-5853,True,2,
S4306513612,Interdisciplinary Political Studies,,,Interdisciplinary Political Studies,Università del Salento,Italy,,2039-8573,True,3,
S4306513983,International Journal of Industrial Electronics Control and Optimization,,,"International Journal of Industrial Electronics, Control and Optimization",University of Sistan and Baluchestan,"Iran, Islamic Republic of",,2645-3568,True,8,
S4306514018,International Journal of New Chemistry,,,International Journal of New Chemistry,Iranian Chemical Science  and Technologies Association,"Iran, Islamic Republic of",,2645-7237,True,5,
S4306514025,International Journal of Nutrition Sciences,,,International Journal of Nutrition Sciences,Shiraz University of Medical Sciences,"Iran, Islamic Republic of",,2538-1873,True,5,
S4306514074,International Journal of Transportation Engineering,,,International  Journal of Transportation Engineering,Tarrahan Parseh Transportation Research Institute,"Iran, Islamic Republic of",,2322-259X,True,5,
S4306514108,International Pharmacy Acta,,,International Pharmacy Acta,Shahid Beheshti University of Medical Sciences,"Iran, Islamic Republic of",,2645-3266,True,3,
S4306514226,Intersticios,,,Intersticios,Universidad Nacional de Córdoba,Argentina,,2250-6543,True,1,
S4306514356,Iperstoria,,,Iperstoria,Department of Foreign Languages and Literatures at the University of Verona,Italy,,2281-4582,True,1,
S4306514385,"Iranian Journal of Accounting, Auditing and Finance",,,"Iranian Journal of Accounting, Auditing & Finance",Ferdowsi University of Mashhad,"Iran, Islamic Republic of",,2588-6142,False,7,
S4306514392,Iranian Journal of Hydrogen & Fuel Cell,,,Iranian Journal of Hydrogen and Fuel Cell,Iranian Research Organization for Science and Technology (IROST),"Iran, Islamic Republic of",,2383-1618,False,7,
S4306514398,Iranian Journal of Numerical Analysis and Optimization,,,Iranian Journal of Numerical Analysis and Optimization,Ferdowsi University of Mashhad,"Iran, Islamic Republic of",,2423-6977,True,7,
S4306514400,Iranian Journal of Pediatric Surgery,,,Iranian Journal of Pediatric Surgery,Pediatric Surgery Research Center of Shahid Beheshti University of Medical Sciences,"Iran, Islamic Republic of",,2423-7612,True,5,
S4306514537,Issues in Language Teaching,,,Issues in Language Teaching,Allameh Tabataba'i University Press,"Iran, Islamic Republic of",,2476-6194,True,4,
S4306514597,Italian Labour Law e-Journal,,,Italian Labour Law e-Journal,University of Bologna,Italy,,1561-8048,True,4,
S4306515071,Jisuanji Kexue,,,Jisuanji kexue,Editorial office of Computer Science,China,,1002-137X,True,2,
S4306515082,Jixie Chuandong,,,Jixie chuandong,Editorial Office of Journal of Mechanical Transmission,China,,1004-2539,True,2,
S4306515203,Journal de la Société Marocaine d’Ophtalmologie,,,Journal de la Société Marocaine d’Ophtalmologie,Societé Marocaine d’Ophtalmologie,Morocco,,2658-851X,True,6,
S4306515239,Journal for Economic Educators,,,Journal for Economic Educators,Middle Tennessee State University,United States,,2688-5956,True,4,
S4306515251,Journal für Kulturpflanzen,,,Journal für Kulturpflanzen,Julius Kühn-Institut,Germany,,1867-0911,True,3,
S4306515291,Journal of Advances in Computer Engineering and Technology,,,Journal of Advances in Computer Engineering and Technology,"Science and Research Branch,Islamic Azad University","Iran, Islamic Republic of",,2423-4192,True,8,
S4306515309,Journal of Algebraic Systems,,,Journal of Algebraic Systems,Shahrood University of Technology,"Iran, Islamic Republic of",,2345-511X,True,4,
S4306515326,Journal of Applied Research in Water and Wastewater,,,Journal of Applied Research in Water and Wastewater,Razi University,"Iran, Islamic Republic of",,2476-6283,True,8,
S4306515327,Journal of Applied  Research on Industrial Engineering,,,Journal of Applied Research on Industrial Engineering,"Ayandegan Institute of Higher Education, Iran","Iran, Islamic Republic of",,2538-5100,True,7,
S4306515328,Journal of Applied Science and Engineering,,,Journal of Applied Science and Engineering,Tamkang University Press,"Taiwan, Province of China",,2708-9975,True,6,
S4306515442,Journal of Computer & Robotics,,,Journal of Computer and Robotics,"Islamic Azad University, Qazvin Branch","Iran, Islamic Republic of",,2345-6582,False,5,
S4306515536,Journal of Emerging Trends in Marketing and Management,,,Journal of Emerging Trends in Marketing and Management,The Bucharest University of Economic Studies Publishing House,Romania,,2537-5865,True,8,
S4306515540,Journal of Energy Management and Technology,,,Journal of Energy Management and Technology,Iran Energy Association (IEA),"Iran, Islamic Republic of",,2588-3372,True,6,
S4306515545,Journal of English Language Pedagogy and Practice,,,Journal of English Language Pedagogy and Practice,"Islamic Azad University, Tabriz Branch","Iran, Islamic Republic of",,2645-3576,True,7,
S4306515593,Journal of Genetic Resources,,,Journal of Genetic Resources,University of Mazandaran,"Iran, Islamic Republic of",,2588-2589,True,4,
S4306515627,Journal of Horticulture and Postharvest Research,,,Journal of Horticulture and Postharvest Research,University of Birjand,"Iran, Islamic Republic of",,2588-4883,True,6,
S4306515660,Journal of Information Technology Management,,,Journal of Information Technology Management,University of Tehran,"Iran, Islamic Republic of",,2008-5893,True,5,
S4306515827,Journal of Language Horizons,,,Journal of Language Horizons,Alzahra University,"Iran, Islamic Republic of",,2588-350X,True,4,
S4306515887,Journal of Modern Research in English Language Studies,,,Journal of Modern Research in English Language Studies,"Imam Khomeini International University, Qazvin,","Iran, Islamic Republic of",,2676-5357,True,8,
S4306515931,Journal of Optoelectronical Nanostructures,,,Journal of Optoelectronical Nanostructures,"Islamic Azad University, Marvdasht Branch","Iran, Islamic Republic of",,2423-7361,True,4,
S4306515953,Journal of Petroleum Science and Technology,,,Journal of Petroleum Science and Technology,Reaserch Institute of Petroleum Industry,"Iran, Islamic Republic of",,2251-659X,True,6,
S4306516025,Journal of Renewable Energy and Environment,,,Journal of Renewable Energy and Environment,Materials and Energy Research Center (MERC),"Iran, Islamic Republic of",,2423-7469,True,6,
S4306516080,Journal of Solar Energy Research,,,Journal of Solar Energy Research,University of Tehran,"Iran, Islamic Republic of",,2588-3100,True,5,
S4306516092,Journal of Structural and Construction Engineering,,,Journal of Structural and Construction Engineering,Iranian Society of Structrual Engineering (ISSE),"Iran, Islamic Republic of",,2476-3977,True,6,
S4306516384,Journal of Ultrafine Grained and Nanostructured  Materials,,,Journal of Ultrafine Grained and Nanostructured Materials,University of Tehran,"Iran, Islamic Republic of",,2423-6837,True,7,
S4306516505,Junior Management Science,,DE,Junior Management Science,Junior Management Science e. V.,Germany,,2942-1861,True,3,
S4306517556,Konteksty Pedagogiczne,,,Konteksty Pedagogiczne,Wydawnictwo LIBRON,Poland,,2300-6471,True,2,
S4306518246,Latina et Graeca,,,Latina et Graeca,"Latina et Graeca, Institute for Classical Languages and Ancient Civilization",Croatia,,0350-414X,True,3,
S4306518376,Legea şi Viaţa,,,Legea și Viața,Academy “Ştefan cel Mare” of the MIA,"Moldova, Republic of",,2587-4373,True,3,
S4306518757,Linguistische Treffen in Wrocław,,,Linguistische Treffen in Wrocław,Oficyna Wydawnicza ATUT,Poland,,2657-5647,True,4,
S4306518822,LL Journal,,,LL Journal,"The Graduate Center, The City University of New York",United States,,1930-1693,True,2,
S4306518856,Logopedia,,,Logopedia,Polish Speech Therapy Society,Poland,,0459-6935,True,1,
S4306518977,LUZ,,,Luz,Universidad de Holguín,Cuba,,1814-151X,True,1,
S4306519024,Magallánica : revista de historia moderna,,,Magallanica: Revista de Historia Moderna,Universidad Nacional de Mar del Plata,Argentina,,2422-779X,False,6,
S4306519298,Materialismo Storico,,,Materialismo Storico,Urbino University Press,Italy,,2531-9582,True,2,
S4306519346,Mathematics Interdisciplinary Research,,,Mathematics Interdisciplinary Research,University of Kashan,"Iran, Islamic Republic of",,2476-4965,True,3,
S4306519400,Mechanics of Advanced Composite Structures‎,,,Mechanics of Advanced Composite Structures,Semnan University,"Iran, Islamic Republic of",,2423-4826,True,5,
S4306519593,Medimay,,,Medimay,Centro Provincial de Ciencias Médicas  Mayabeque,Cuba,,1012-0076,True,1,
S4306519662,Meitian Dizhi yu Kantan,,,Meitian dizhi yu kantan,Editorial Office of Coal Geology & Exploration,China,,1001-1986,True,4,
S4306520005,Miríada: Investigación en Ciencias Sociales,,,Miríada: Investigación en Ciencias Sociales,Universidad del Salvador,Argentina,,2250-4621,True,5,
S4306520096,Mneme - Revista de Humanidades,,,Mneme: Revista de Humanidades,Universidade Federal do Rio Grande do Norte,Brazil,,1518-3394,True,5,
S4306520213,Monteverdia,,,Monteverdia,University of Camaguey,Cuba,,2077-2890,True,1,
S4306520633,Navigator,,,Navigator,Marinha do Brasil,Brazil,,0100-1248,True,1,
S4306520929,Nonconventional Technologies Review,,,Nonconventional Technologies Review,"Editura Politehnica, Timisoara",Romania,,2359-8646,True,3,
S4306521087,NOVUM,,,Novum,Universidad Nacional de Colombia,Colombia,,0121-5698,True,1,
S4306521182,Nuevo Pensamiento,,,Nuevo Pensamiento,Universidad del Salvador,Argentina,,1853-7596,True,2,
S4306521667,Orillas: rivista d'ispanistica,,,Orillas. Rivista d'Ispanistica,Padova University Press,Italy,,2280-4390,True,3,
S4306521730,Österreichische Zeitschrift für Geschichtswissenschaften,,,Österreichische Zeitschrift für Geschichtswissenschaften,StudienVerlag,Austria,,1016-765X,True,4,
S4306522090,Passage,,,Passage,Hasselt University,Belgium,,2795-6644,True,1,
S4306522155,Pedagogía y Sociedad,,,Pedagogía y Sociedad,Universidad de Sancti Spiritus,Cuba,,1608-3784,True,3,
S4306522781,Pollution,,,Pollution,University of Tehran,"Iran, Islamic Republic of",,2383-4501,True,1,
S4306524546,Pro Ligno,,RO,Pro Ligno,Editura Universitatii Transilvania din Brasov,Romania,,1841-4737,True,2,
S4306524769,Przegląd Geofizyczny,,,Przegląd Geofizyczny,Polish Society of Geophysics,Poland,,0033-2135,True,2,
S4306524789,Przegląd Pedagogiczny,,,Przegląd Pedagogiczny,Uniwersytet Kazimierza Wielkiego,Poland,,1897-6557,True,2,
S4306524884,Psychiatria Fennica,,,Psychiatria Fennica,The Finnish Foundation for Psychiatric Research,Finland,,2489-6152,True,2,
S4306525463,Recherches en Langue et Littérature Françaises,,,Recherches en Langue et Littérature Françaises,University of Tabriz,"Iran, Islamic Republic of",,2251-7987,True,6,
S4306525534,REDIELUZ,,,Redieluz,"Universidad del Zulia, Vicerrectorado Académico","Venezuela, Bolivarian Republic of",,2791-3953,True,1,
S4306525729,Repères et Perspectives Economiques,,,Repères et Perspectives Economiques,Institut marocain de l'information scientifique et technique,Morocco,,2509-0399,True,4,
S4306525950,Retos de la Dirección,,,Retos de la Dirección,Centro de Estudios de Dirección Empresarial y Territorial (CEDET),Cuba,,2306-9155,True,4,
S4306526320,"Revista Científica Cultura, Comunicación y Desarrollo",,,"Revista Científica Cultura, Comunicación y Desarrollo",Universidad de Cienfuegos,Cuba,,2664-3111,True,6,
S4306526325,Revista científica de Arquitectura y Urbanismo,,,Revista Científica de Arquitectura y Urbanismo,Universidad Tecnológica de La Habana José Antonio Echeverría,Cuba,,1815-5898,True,6,
S4306526416,Revista Cubana de Administración Pública y Empresarial,,,Revista Cubana de Administración Pública y Empresarial,Escuela Superior de Cuadros del Estado y del Gobierno,Cuba,,2664-0856,True,7,
S4306526418,Revista Cubana de Anestesiología y Reanimación,,,Revista Cubana de Anestesiología y Reanimación,Centro Nacional de Información de Ciencias Médicas.  Editorial de Ciencias Médicas (ECIMED),Cuba,,1726-6718,True,6,
S4306526419,Revista Cubana de Angiología y Cirugía Vascular,,,Revista Cubana de Angiología y Cirugía Vascular,Centro Nacional de Información de Ciencias Médicas.  Editorial de Ciencias Médicas (ECIMED),Cuba,,1682-0037,True,7,
S4306526428,Revista Cubana de Ciencias Forestales,,,Revista Cubana de Ciencias Forestales,"Universidad de Pinar del Río ""Hermanos Saíz Montes de Oca""",Cuba,,2310-3469,True,5,
S4306526430,Revista Cubana de Ciencias Informáticas,,,Revista Cubana de Ciencias Informáticas,Universidad de Ciencias Informáticas,Cuba,,1994-1536,True,5,
S4306526433,Revista cubana de derecho,,,Revista Cubana de Derecho,Unión Nacional de Juristas de Cuba,Cuba,,0864-165X,True,4,
S4306526445,Revista Cubana de Finanzas y Precios,,,Revista Cubana de Finanzas y Precios,Ministerio de Finanzas y Precios de Cuba,Cuba,,2523-2967,True,6,
S4306526454,Revista Cubana de Informática Médica,,,Revista Cubana de Informática Médica,ECIMED,Cuba,,1684-1859,True,5,
S4306526455,Revista Cubana de Ingeniería,,,Revista Cubana de Ingeniería,"Universidad Tecnológica de La Habana José Antonio Echeverría, Cujae",Cuba,,2223-1781,True,4,
S4306526465,Revista Cubana de Meteorología,,,Revista Cubana de Meteorología,Instituto de Meteorología (INSMET),Cuba,,2664-0880,True,4,
S4306526478,Revista Cubana de Salud y Trabajo,,,Revista Cubana de Salud y Trabajo,Instituto Nacional de Salud de los Trabajadores,Cuba,,1991-9395,True,6,
S4306526491,Revista da Defensoria Pública do Estado do Rio Grande do Sul,,,Revista da Defensoria Pública do Estado do Rio Grande do Sul,Defensoria Pública do Estado do Rio Grande do Sul,Brazil,,2177-8116,True,11,
S4306526527,Revista da Sociedade Portuguesa de Anestesiologia,,,Revista da Sociedade Portuguesa de Anestesiologia,Portuguese Society of Anesthesiology,Portugal,,0871-6099,True,6,
S4306526599,Revista de Ciencias Médicas de Pinar del Río,,,Revista de Ciencias Médicas de Pinar del Río,ECIMED,Cuba,,1561-3194,True,8,
S4306526614,Revista de Culturas y Literaturas Comparadas,,,Revista de Culturas y Literaturas Comparadas,Universidad Nacional de Córdoba,Argentina,,1852-4737,True,6,
S4306526619,Revista de Derecho Civil,,ES,Revista de Derecho Civil,"Notyreg Hispania, SL",Spain,,2341-2216,True,4,
S4306526867,Revista de la Carrera de Sociología,,,Revista de la Carrera de Sociología,Carrera de Sociología de la Facultad de Ciencias Sociales de la Universidad de Buenos Aires,Argentina,,1853-6484,True,6,
S4306527193,Revista Electrónica de Didáctica en Educación Superior,,,Revista Electrónica de Didáctica en Educación Superior,Universidad de Buenos Aires,Argentina,,1853-3159,True,7,
S4306527226,Revista Eletrônica de Direito Penal e Política Criminal,,,Revista Eletrônica de Direito Penal e Política Criminal,Universidade Federal do Rio Grande do Sul,Brazil,,2358-1956,True,8,
S4306527268,Revista Espaço Acadêmico,,BR,Revista Espaço Acadêmico,Universidade Estadual de Maringá,Brazil,,1519-6186,True,3,
S4306527442,Revista Habanera de Ciencias Médicas,,,Revista Habanera de Ciencias Médicas,Universidad de Ciencias Médicas de La Habana,Cuba,,1729-519X,True,5,
S4306527566,Revista Internacional de Formação de Professores,,,Revista Internacional de Formação de Professores,Instituto Federal de São Paulo,Brazil,,2447-8288,True,6,
S4306527636,Revista Latinoamericana de Antropología del Trabajo,,,Revista Latinoamericana de Antropología del Trabajo,Centro de Estudios e Investigaciones Laborales (CEIL-CONICET) ; Centro de Investigación y Estudios Superiores en Antropología Social (CIESAS-CONACYT),Argentina,,2591-2755,True,6,
S4306527644,Revista Latinoamericana de Estudios Rurales,,,Revista Latinoamericana de Estudios Rurales,Asociación Latinoamericana de Sociología Rural ; CEIL-CONICET,Argentina,,2525-1635,True,5,
S4306527692,Revista Médica Electrónica,,,Revista Médica Electrónica,Universidad de Ciencias Médicas de Matanzas,Cuba,,1684-1824,True,3,
S4306527862,Revista Portuguesa de Investigação Educacional,,,Revista Portuguesa de Investigação Educacional,Universidade Católica Portuguesa,Portugal,,2182-4614,True,5,
S4306528000,Revista Transilvană de Ştiinţe Administrative,,,Revista Transilvană de Ştiinţe Administrative,Babes-Bolyai University,Romania,,1454-1378,True,5,
S4306528065,Revista Venezolana de Salud Pública,,VE,Revista Venezolana de Salud Pública,Universidad Centroccidental Lisandro Alvarado,"Venezuela, Bolivarian Republic of",,2343-5526,True,5,
S4306528110,REVUE AFRICAINE DE MANAGEMENT,,,Revue Africaine de Management,Université Ibn Zohr Agadir-MAROC,Morocco,,2335-9811,True,4,
S4306528118,Revue algérienne des lettres,,,Revue Algérienne des Lettres,University of Ain Temouchent,Algeria,,2661-7447,True,4,
S4306528243,Revue des Etudes Multidisciplinaires en Sciences Economiques et Sociales,,,Revue des Etudes Multidisciplinaires en Sciences Economiques et Sociales,Noufissa EL MOUJADDIDI,Morocco,,2489-2068,True,9,
S4306528324,"Revue Economie, Gestion et Société",,,"Revue Economie, Gestion et Société",Fatiha REGRAGUI,Morocco,,2458-6250,True,5,
S4306528440,Revue Marocaine de Recherche en Management et Marketing,,MA,Revue Marocaine de Recherche en Management et Marketing,Université Mohammed V de Rabat,Morocco,,2028-5175,True,8,
S4306528447,Revue Nature et Technologie,,,Revue Nature et Technologie,"University ""Hassiba Benbouali""  de Chlef",Algeria,,1112-9778,True,4,
S4306528678,Rivista Italiana di Filosofia del Linguaggio,,,Rivista Italiana di Filosofia del Linguaggio,Università della Calabria,Italy,,2036-6728,True,6,
S4306529151,Savoirs en prisme,,,Savoirs en Prisme,Editions et presses universitaires de Reims,France,,2260-7838,True,3,
S4306529188,School Leadership Review,,,School Leadership Review,"Ralph W. Steen Library, Stephen F. Austin State University",United States,,1559-4998,True,3,
S4306529334,"Scientific Papers - Series B, Horticulture",,,Scientific Papers: Series B. Horticulture,University of Agronomic Sciences and Veterinary Medicine of Bucharest,Romania,,2285-5653,True,6,
S4306529681,Serie Científica de la Universidad de las Ciencias Informáticas,,,Serie Científica de la Universidad de las Ciencias Informáticas,Universidad de las Ciencias Informáticas (UCI),Cuba,,2306-2495,True,9,
S4306529754,Shanghai Jiaotong Daxue Xuebao,,,Shanghai Jiaotong Daxue xuebao,Editorial Office of Journal of Shanghai Jiao Tong University,China,,1006-2467,True,4,
S4306529855,Shipin Kexue,,,Shipin Kexue,China Food Publishing Company,China,,1002-6630,True,2,
S4306529860,Shipin yu Jixie,,,Shipin yu jixie,The Editorial Office of Food and Machinery,China,,1003-5788,True,3,
S4306529880,Shiyou Shiyan Dizhi,,,Shiyou shiyan dizhi,Editorial Office of Petroleum Geology and Experiment,China,,1001-6112,True,3,
S4306529908,Shuitu Baochi Tongbao,,,Shuitu baochi tongbao,Science Press,China,,1000-288X,True,3,
S4306529909,Shuitu Baochi Xuebao,,,Shuitu Baochi Xuebao,Editorial Department of Journal of Soil and Water Conservation,China,,1009-2242,True,3,
S4306530268,Social Determinants of Health,,,Social Determinants of Health,Shahid Beheshti University of Medical Sciences,"Iran, Islamic Republic of",,2423-7337,True,4,
S4306530767,Społeczeństwo. Edukacja. Język,,,"Społeczeństwo, Edukacja, Język",Academic Publishing of the Masovian University in Płock,Poland,,2353-1266,True,3,
S4306530781,Sports Business Journal,,US,Sports Business Journal,Alzahra University,"Iran, Islamic Republic of",,2783-4174,True,3,country_conflict
S4306531028,Studia Ełckie,,,Studia Ełckie,Wydawnictwo Diecezjalne Adalbertinum,Poland,,2353-1274,True,2,
S4306531068,Studia Lednickie,,,Studia Lednickie,Muzeum Pierwszych Piastów na Lednicy,Poland,,0860-7893,True,2,
S4306531498,Szkoła - Zawód - Praca,,,Szkoła - Zawód - Praca,Uniwersytet Kazimierza Wielkiego,Poland,,2082-6087,True,5,
S4306531540,Taiyuan Ligong Daxue Xuebao,,,Taiyuan Ligong Daxue xuebao,Editorial Office of Journal of Taiyuan University of Technology,China,,1007-9432,True,4,
S4306531631,Teaching English Language,,,Teaching English Language,Teaching English Language and Literature Society of Iran (TELLSI),"Iran, Islamic Republic of",,2538-5488,True,3,
S4306531640,TECA,,,TECA,University of Bologna,Italy,,2282-1007,True,1,
S4306531945,Thalassia Salentina,,IT,Thalassia Salentina,Università del Salento,Italy,,0563-3745,True,2,
S4306532847,Ticontre. Teoria Testo Traduzione,,,Ticontre: Teoria Testo Traduzione,Università degli Studi di Trento,Italy,,2284-4473,True,4,
S4306532860,Tidsskrift for Praktisk Teologi,,,Tidsskrift for Praktisk Teologi,"MF Norwegian School of Theology, Religion and Society",Norway,,1893-4773,True,4,
S4306532881,Tiempos modernos: Revista Electrónica de Historia Moderna,,,Tiempos Modernos: Revista Electrónica de Historia Moderna,Asociación Mundos Modernos,Spain,,1699-7778,True,7,
S4306533040,Tongxin Xuebao,,,Tongxin xuebao,Editorial Department of Journal on Communications,China,,1000-436X,True,2,
S4306533208,Translatio,,,Translatio,Universidade Federal do Rio Grande do Sul,Brazil,,2236-4013,True,1,
S4306533215,Transmotion,,,Transmotion,University of Kent,United Kingdom,,2059-0911,True,1,
S4306533270,Travaux de didactique du français langue étrangère,,,Travaux de Didactique du Français Langue Étrangère,EA 739 Dipralang Université Paul-Valéry,France,,2553-5994,True,7,
S4306533800,Universidad Médica Pinareña,,,Universidad Médica Pinareña,Universidad de Ciencias Médicas de Pinar del Río,Cuba,,1990-7990,True,3,
S4306533858,Universidad y Sociedad,,,Universidad y Sociedad,Universidad de Cienfuegos,Cuba,,2415-2897,True,3,
S4306534268,Vie et Milieu / Life & Environment,,,Vie et Milieu,Sorbonne Université,France,0240-8759,2402-6689,False,7,
S4306534778,Wiedza Obronna,,,Wiedza Obronna,Towarzystwo Wiedzy Obronnej,Poland,,0209-0031,True,2,
S4306535391,Yhteiskuntapolitiikka,,,Yhteiskuntapolitiikka,Terveyden ja hyvinvoinnin laitos; Eläketurvakeskus; Helsingin yliopiston valtiotieteellinen tiedekunta; Kelan tutkimus; Tampereen yliopiston yhteiskuntatieteiden tiedekunta,Finland,,1455-6901,True,1,
S4306535413,Yixue yu Zhexue,,,Yixue yu zhexue,Editorial Office of Medicine and Philosophy,China,,1002-0772,True,3,
S4306535440,Yuanzineng Kexue Jishu,,,Yuanzineng kexue jishu,Editorial Board of Atomic Energy Science and Technology,China,,1000-6931,True,3,
S4306535889,Zhendong Ceshi Yu Zhenduan,,,Zhendong Ceshi yu Zhenduan,"Editorial Department of Journal of Vibration, Measurement & Diagnosis",China,,1004-6801,True,4,
S4306535897,Zhileng Xuebao,,,Zhileng xuebao,"Journal of Refrigeration Magazines Agency Co., Ltd.",China,,0253-4339,True,2,
S4306535938,Zhongguo Gonggong Weisheng,,,Zhongguo gonggong weisheng,Editorial Office of Chinese Journal of Public Health,China,,1001-0580,True,3,
S4306535967,Zhongguo Kuangye,,,Zhongguo Kuangye,"China Mining Magazine Co., Ltd",China,,1004-4051,True,2,
S4306536320,آب و توسعه پایدار,,,آب و توسعه پایدار,Ferdowsi University of Mashhad,"Iran, Islamic Republic of",,2423-5474,True,4,
S4306536323,اخلاق وحیانی,,,اخلاق وحیانی,Maarej Research Institute of Revelation Sciences,"Iran, Islamic Republic of",,2383-3025,True,2,
S4306536329,ادبیات عرفانی,,,ادبیات عرفانی,Alzahra University,"Iran, Islamic Republic of",,2538-1997,True,2,
S4306536338,اسلام و مطالعات اجتماعی,,,اسلام و مطالعات اجتماعی,Islamic Sciences and Culture Academy,"Iran, Islamic Republic of",,2345-5586,True,4,
S4306536345,یافته,,,یافته,Lorestan University of Medical Science,"Iran, Islamic Republic of",,2981-0779,True,1,
S4306536354,اقتصاد کشاورزی و توسعه,,,اقتصاد کشاورزی و توسعه,"Agricultural Planning, Economics, and Rural Development Research Institute (APERDRI)","Iran, Islamic Republic of",,2645-6443,True,4,
S4306536361,اکوهیدرولوژی,,,اکوهیدرولوژی,University of Terhan press,"Iran, Islamic Republic of",,2423-6101,True,1,
S4306536439,المجلة الدولية للاداء الاقتصادي,,,المجلة الدولية للأداء الاقتصادي,University of Boumerdes,Algeria,,2716-9073,True,4,
S4306536476,امامت پژوهی,,,امامت پژوهی,Imamate Cultural Foundation,"Iran, Islamic Republic of",,2588-6533,True,2,
S4306536483,آموزه های قرآنی,,,آموزه‌های قرآنی,Razavi University of Islamic Sciences,"Iran, Islamic Republic of",,2783-4085,True,3,
S4306536495,آینده‌پژوهی دفاعی,,,آینده‌پژوهی دفاعی,Command and Staff University,"Iran, Islamic Republic of",,2588-428X,True,2,
S4306536507,بررسی مسائل اقتصاد ایران,,,بررسی مسائل اقتصاد ایران,Institute for Humanities and Cultural Studies (IHCS),"Iran, Islamic Republic of",,2783-2317,True,4,
S4306536517,بهبود مدیریت,,,بهبود مدیریت,Defence Industries Training and Research Institute,"Iran, Islamic Republic of",,2783-090X,True,2,
S4306536529,پترولوژی,,,پترولوژی,University of Isfahan,"Iran, Islamic Republic of",,2228-5210,True,1,
S4306536530,پدافند الکترونیکی و سایبری,,,پدافند الکترونیکی و سایبری,Imam Hussein University,"Iran, Islamic Republic of",,2980-8979,True,4,
S4306536534,پژوهش ادبیات معاصر جهان,,,پژوهش ادبیات معاصر جهان,University of Tehran,"Iran, Islamic Republic of",,2588-4131,True,4,
S4306536539,پژوهش در دین و سلامت,,,پژوهش در دین و سلامت,Shahid Beheshti University of Medical Sciences,"Iran, Islamic Republic of",,2383-4323,True,5,
S4306536540,پژوهش در نظام های آموزشی,,,پژوهش در نظام‌های آموزشی,Iranian Educational Research Association,"Iran, Islamic Republic of",,2383-1324,True,5,
S4306536541,پژوهش در ورزش تربیتی,,,پژوهش در ورزش‌ تربیتی,Sport Sciences Research Institute,"Iran, Islamic Republic of",,2538-2721,True,4,
S4306536542,پژوهش سیستم های بس ذره ای,,,پژوهش سیستم‌های بس‌ذره‌ای,Shahid Chamran University of Ahvaz,"Iran, Islamic Republic of",,2322-231X,True,6,
S4306536547,پژوهشنامه ادبیات کردی,,,پژوهشنامه ادبیات کردی,University of Kurdistan,"Iran, Islamic Republic of",,2717-0039,True,3,
S4306536567,پژوهش‌نامه حقوق اسلامی,,,پژوهش‌نامه حقوق اسلامی,"Imam Sadiq University in Iran, Islamic Republic of","Iran, Islamic Republic of",,2251-9858,True,3,
S4306536581,پژوهشنامه مددکاری اجتماعی,,,پژوهشنامه مددکاری اجتماعی,Allameh Tabataba'i University Press,"Iran, Islamic Republic of",,2476-6380,True,3,
S4306536583,پژوهش نامه مدیریت تحول,,,پژوهش نامه مدیریت تحول,Ferdowsi University of Mashhad,"Iran, Islamic Republic of",,2383-4064,True,4,
S4306536592,پژوهش های آبخیزداری,,,پژوهش‌های آبخیزداری,Fars Agricultural and Natural Resources Research and Education Center,"Iran, Islamic Republic of",,2981-2038,True,3,
S4306536608,پژوهش های تاریخی,,,پژوهش های تاریخی,University of Isfahan,"Iran, Islamic Republic of",,2008-6253,True,3,
S4306536609,پژوهش های تجربی حسابداری,,,پژوهش‌های تجربی حسابداری,"Alzahra University, Faculty of Social Sciences and Economics","Iran, Islamic Republic of",,2251-8509,True,4,
S4306536610,پژوهش های ترجمه در زبان و ادبیات عربی,,,پژوهش‌های ترجمه در زبان و ادبیات عربی,Allameh Tabataba'i University Press,"Iran, Islamic Republic of",,2538-2608,True,8,
S4306536611,پژوهش های تفسیر تطبیقی,,,پژوهش‌های تفسیر تطبیقی,University of Qom,"Iran, Islamic Republic of",,2476-4205,True,4,
S4306536619,پژوهش های حبوبات ایران,,,پژوهش‌های حبوبات ایران,Ferdowsi University of Mashhad,"Iran, Islamic Republic of",,2783-5367,True,4,
S4306536624,پژوهشهای حقوقی,,,پژوهشهای حقوقی,Shahr-e- Danesh Research And Study Institute of Law,"Iran, Islamic Republic of",,2717-0020,True,2,
S4306536625,پژوهش های حقوق تطبیقی,,,پژوهش های حقوق تطبیقی,Tarbiat Modares University,"Iran, Islamic Republic of",,2251-6751,True,4,
S4306536626,پژوهشهای حقوق جزا و جرم شناسی,,,پژوهشهای حقوق جزا و جرم شناسی,Shahr-e- Danesh Research And Study Institute of Law,"Iran, Islamic Republic of",,2716-9685,True,6,
S4306536641,پژوهش های ژئوفیزیک کاربردی,,,پژوهش‌های ژئوفیزیک کاربردی,Shahrood University of Technology,"Iran, Islamic Republic of",,2476-5007,True,4,
S4306536651,پژوهش‌های علوم و فناوری چوب و جنگل,,,پژوهش های علوم و فناوری چوب و جنگل,Gorgan University of Agricultural Sciences and Natural Resources,"Iran, Islamic Republic of",,2322-2077,True,7,
S4306536658,پژوهش های کاربردی در گیاهپزشکی,,,پژوهش های کاربردی در گیاهپزشکی,University of Tabriz,"Iran, Islamic Republic of",,2717-3178,True,5,
S4306536666,پژوهش های مدیریت عمومی,,,پژوهش‌های مدیریت عمومی,University of Sistan and Baluchestan,"Iran, Islamic Republic of",,2676-7880,True,4,
S4306536676,پژوهش و توسعه جنگل,,,پژوهش و توسعه جنگل,Urmia University,"Iran, Islamic Republic of",,2476-3551,True,4,
S4306536687,تاریخ و فرهنگ,,,تاریخ و فرهنگ,Ferdowsi University of Mashhad,"Iran, Islamic Republic of",,2228-706X,True,3,
S4306536689,تاکسونومی و بیوسیستماتیک,,,تاکسونومی و بیوسیستماتیک,University of Isfahan,"Iran, Islamic Republic of",,2008-8906,True,3,
S4306536694,تحقیقات آفات گیاهی,,,تحقیقات آفات گیاهی,University of Guilan,"Iran, Islamic Republic of",,2538-6123,True,3,
S4306536699,تحقیقات تاریخ اجتماعی,,,تحقیقات تاریخ اجتماعی,Institute for Humanities and Cultural Studies,"Iran, Islamic Republic of",,2383-0484,True,3,
S4306536700,تحقیقات تولیدات دامی,,,تحقیقات تولیدات دامی,University of Guilan,"Iran, Islamic Republic of",,2538-6107,True,3,
S4306536706,تحقیقات دامپزشکی و فرآورده‌های بیولوژیک,,,تحقیقات دامپزشکی و فرآورده‌های بیولوژیک,Razi Vaccine & Serum Research Institute,"Iran, Islamic Republic of",,3041-9417,True,5,
S4306536709,تحقیقات علوم چوب و کاغذ ایران,,,تحقیقات علوم چوب و کاغذ ایران,Regional Information Center for Science and Technology (RICeST),"Iran, Islamic Republic of",,2383-112X,True,6,
S4306536712,تحقیقات علوم قرآن و حدیث,,,تحقیقات علوم قرآن و حدیث,Alzahra University,"Iran, Islamic Republic of",,2476-616X,True,5,
S4306536716,تحقیقات کتابداری و اطلاع رسانی  دانشگاهی,,,تحقیقات کتابداری و اطلاع‌رسانی دانشگاهی,University of Tehran,"Iran, Islamic Republic of",,2783-4638,True,6,
S4306536720,تحقیقات منابع آب ایران,,,تحقیقات منابع آب ایران,Iranian Water Resources Association,"Iran, Islamic Republic of",,1735-2347,True,4,
S4306536729,تصمیم گیری و تحقیق در عملیات,,,تصمیم گیری و تحقیق در عملیات,"Ayandegan Institute of Higher Education, Tonekabon,","Iran, Islamic Republic of",,2538-5097,True,6,
S4306536738,توسعه اجتماعی,,,توسعه اجتماعی,Shahid Chamran University Of Ahvaz,"Iran, Islamic Republic of",,2588-6444,True,2,
S4306536746,جامعه‌شناسی سیاسی جهان اسلام,,,جامعه شناسی سیاسی جهان اسلام,Shahed University,"Iran, Islamic Republic of",,2980-9371,True,4,
S4306536747,جامعه شناسی کاربردی,,,جامعه شناسی کاربردی,University of Isfahan,"Iran, Islamic Republic of",,2008-5745,True,3,
S4306536748,جامعه شناسی نهادهای اجتماعی,,,جامعه‌شناسی نهادهای اجتماعی,University of Mazandaran,"Iran, Islamic Republic of",,2383-0395,True,4,
S4306536761,جغرافیای اجتماعی شهری,,,جغرافیای اجتماعی شهری,Shahid Bahonar University of Kerman,"Iran, Islamic Republic of",,2645-7784,True,3,
S4306536765,جغرافیا و پایداری محیط,,,جغرافیا و پایداری محیط,Razi University,"Iran, Islamic Republic of",,2322-3197,True,4,
S4306536770,جغرافیا و مخاطرات محیطی,,,جغرافیا و مخاطرات محیطی,Ferdowsi University of Mashhad,"Iran, Islamic Republic of",,2383-3076,True,4,
S4306536787,حکمت معاصر,,,حکمت معاصر,Institute for Humanities and Cultural Studies (IHCS),"Iran, Islamic Republic of",,2383-0697,True,2,
S4306536788,حکمت و فلسفه,,IR,حکمت و فلسفه,Allameh Tabataba'i University Press,"Iran, Islamic Republic of",,1735-3238,True,3,
S4306536807,دانش حسابداری مالی,,,دانش حسابداری مالی,Imam Khomeini International University,"Iran, Islamic Republic of",,2676-6213,True,3,
S4306536820,دانشنامه حقوق اقتصادی,,,دانشنامه حقوق اقتصادی,Ferdowsi University of Mashhad,"Iran, Islamic Republic of",,2717-333X,True,3,
S4306536822,دانشور پزشکی,,,دانشور پزشکی,Shahed University,"Iran, Islamic Republic of",,2716-9731,True,2,
S4306536887,دولت پژوهی,,,دولت‌پژوهی,Allameh Tabataba'i University Press,"Iran, Islamic Republic of",,2476-2806,True,2,
S4306536896,راهبرد مدیریت مالی,,,راهبرد مدیریت مالی,Alzahra University,"Iran, Islamic Republic of",,2345-3214,True,3,
S4306536900,رفتار حرکتی,,,رفتار حرکتی,Sport Sciences Research Institute,"Iran, Islamic Republic of",,2538-273X,True,2,
S4306536902,رهیافت انقلاب اسلامی,,,رهیافت انقلاب اسلامی,Abdolmotaleb Abdollah,"Iran, Islamic Republic of",,2980-9118,True,3,
S4306536912,روستا و توسعه,,,روستا و توسعه,"Agricultural Planning, Economics and Rural Development Research Institute","Iran, Islamic Republic of",,2645-6486,True,3,
S4306536915,رویکردهای نوین آموزشی,,,رویکردهای نوین آموزشی,University of Isfahan,"Iran, Islamic Republic of",,2423-6780,True,3,
S4306536918,زبان پژوهی,,,زبان پژوهی,Alzahra University,"Iran, Islamic Republic of",,2538-1989,True,2,
S4306536928,زیست شناسی کاربردی,,,زیست‌شناسی کاربردی,Alzahra University,"Iran, Islamic Republic of",,2251-7901,True,3,
S4306536933,زمین شناسی کاربردی پیشرفته,,,زمین‌شناسی کاربردی پیشرفته,Shahid Chamran University of Ahvaz,"Iran, Islamic Republic of",,2717-0764,True,4,
S4306536934,زن در توسعه و سیاست,,,زن در توسعه و سیاست,Faculty of Social Sciences University of Tehran,"Iran, Islamic Republic of",,2538-3132,True,5,
S4306536935,زن در فرهنگ و هنر,,,زن در فرهنگ و هنر,"Center for Women and Family Studies, University of Tehran","Iran, Islamic Republic of",,2538-3108,True,5,
S4306536941,سیاست علم و فناوری,,,سیاست علم و فناوری,National Research Institute for Science Policy (NRISP),"Iran, Islamic Republic of",,2008-0840,True,4,
S4306536942,سیاست گذاری  اقتصادی,,,سیاست‌گذاری اقتصادی,Yazd University,"Iran, Islamic Republic of",,2645-3975,True,3,
S4306536943,سیاست گذاری پیشرفت اقتصادی,,,سیاست‌گذاری پیشرفت اقتصادی,Alzahra University,"Iran, Islamic Republic of",,2538-158X,True,4,
S4306536944,سیاست متعالیه,,,‫سیاست متعالیه‏,Political Studies Association of the Seminary,"Iran, Islamic Republic of",,2345-2676,True,2,
S4306536945,سیاست نامه علم و فناوری,,,سیاست نامه علم و فناوری,Sharif University of Technology (Sharif Policy Research Institute),"Iran, Islamic Republic of",,2717-1973,True,5,
S4306536949,سپهر سیاست,,,سپهر سیاست,Qom Islamic Azad University,"Iran, Islamic Republic of",,2538-5674,True,2,
S4306536990,علوم اجتماعی دانشگاه فردوسی مشهد,,,علوم اجتماعی دانشگاه فردوسی مشهد,Ferdowsi University of Mashhad,"Iran, Islamic Republic of",,2980-9452,True,5,
S4306537002,علوم قرآن و حدیث,,,علوم قرآن و حدیث,Ferdowsi University of Mashhad,"Iran, Islamic Republic of",,2980-9126,True,4,
S4306537006,علوم و تحقیقات بذر ایران,,,علوم و تحقیقات بذر ایران,University of Guilan,"Iran, Islamic Republic of",,2476-3780,True,5,
S4306537010,علوم و فناوری بذر ایران,,,علوم و فناوری بذر ایران,Seed and Plant Certification and Registration Institute,"Iran, Islamic Republic of",,2322-2646,True,5,
S4306537011,علوم و فناوری رنگ,,,علوم و فناوری رنگ,Institute for Color Science and Technology,"Iran, Islamic Republic of",,2383-2169,True,4,
S4306537015,علوم و فنون مدیریت اطلاعات,,,علوم و فنون مدیریت اطلاعات,University of Qom,"Iran, Islamic Republic of",,2476-6658,True,5,
S4306537016,علوم و فنون نظامی,,,علوم و فنون نظامی,AJA Command and Staff University,"Iran, Islamic Republic of",,2008-191X,True,4,
S4306537017,علوم و مهندسی آبیاری,,,علوم و مهندسی آبیاری,Shahid Chamran University of Ahvaz,"Iran, Islamic Republic of",,2588-5960,True,4,
S4306537023,فرهنگ و ادبیات عامه,,,فرهنگ و ادبیات عامه,Tarbiat Modares University,"Iran, Islamic Republic of",,2345-4466,True,4,
S4306537029,فیزیولوژی ورزشی,,,فیزیولوژی ورزشی,Sport Sciences Research Institute,"Iran, Islamic Republic of",,2322-164X,True,2,
S4306537051,فصلنامه بورس اوراق بهادار,,,فصلنامه بورس اوراق بهادار,Securities Exchange,"Iran, Islamic Republic of",,2820-9893,True,4,
S4306537126,فصلنامه سیاست,,,فصلنامه سیاست,University of Tehran,"Iran, Islamic Republic of",,1735-9686,True,2,
S4306537288,فصلنامه فرهنگی تربیتی زنان و خانواده,,,فصلنامه فرهنگی- تربیتی زنان و خانواده,Imam Hussein University,"Iran, Islamic Republic of",,2645-4955,True,6,
S4306537341,فصلنامه نقد ادبی,,,فصلنامه نقد ادبی,Tarbiat Modares University,"Iran, Islamic Republic of",,2008-0360,True,3,
S4306537353,فقه و اصول,,,فقه و اصول,Ferdowsi University of Mashhad,"Iran, Islamic Republic of",,2008-9139,True,3,
S4306537361,فلسفه و کلام اسلامی,,,فلسفه و کلام اسلامی,University of Tehran,"Iran, Islamic Republic of",,2588-5014,True,4,
S4306537363,فناوری‌های جدید در صنعت غذا,,,فناوری‌های جدید در صنعت غذا,Iranian Research Organization for Science and Technology (IROST),"Iran, Islamic Republic of",,2783-1760,True,5,
S4306537374,کاوش‌نامه زبان و ادبیات فارسی,,,کاوش‌نامه زبان و ادبیات فارسی,Yazd University,"Iran, Islamic Republic of",,2645-4548,True,5,
S4306537375,کاوش‌های مدیریت بازرگانی,,,کاوش‌های مدیریت بازرگانی,Yazd University,"Iran, Islamic Republic of",,2645-3878,True,3,
S4306537377,کتابداری و اطلاع‌رسانی,,,کتابداری و اطلاع‌رسانی,Central Library of Astan Quds Razavi,"Iran, Islamic Republic of",,1680-9637,True,3,
S4306537384,گیاه پزشکی,,,گیاه‌پزشکی,Shahid Chamran University of Ahvaz,"Iran, Islamic Republic of",,2588-5421,True,2,
S4306537399,مبانی نظری هنرهای تجسمی,,,مبانی نظری هنرهای تجسمی,Iranian Scientific Association of Visual Arts,"Iran, Islamic Republic of",,2676-6701,True,4,
S4306537401,متن شناسی ادب فارسی,,,متن شناسی ادب فارسی,University of Isfahan,"Iran, Islamic Republic of",,2476-3268,True,4,
S4306537438,مجلة الآداب و العلوم الإجتماعية,,,مجلة الآداب و العلوم الإجتماعية,Université Sétif 2,Algeria,,1112-4776,True,5,
S4306537539,مجلة الدراسات والبحوث القانونية,,,مجلة الدراسات والبحوث القانونية,"Faculty of Law and Political Sciences, M’sila University",Algeria,,2676-1688,True,4,
S4306537552,مجلة العلوم الاجتماعية و الانسانية,,,مجلة العلوم الاجتماعية و الانسانية,University of Mohamed Boudiaf - M'Sila,Algeria,,2602-6961,True,5,
S4306537566,مجلة العلوم و التكنولوجية للنشاطات البدنية و الرياضية,,,مجلة العلوم و التكنولوجية للنشاطات البدنية و الرياضية,"University of Mostaganem, Institute of Physical Education and Sports",Algeria,,1112-4032,True,8,
S4306537707,مجله ایرانی آموزش در علوم پزشکی,,,مجله ایرانی آموزش در علوم پزشکی,"Isfahan University of Medical Sciences, Medical Education Development Center","Iran, Islamic Republic of",,1608-9359,True,6,
S4306537722,مجله  بهره برداری و پرورش آبزیان,,,مجله بهره‌برداری و پرورش آبزیان,Gorgan University of Agricultural Sciences and Natural Resources,"Iran, Islamic Republic of",,2345-427X,True,6,
S4306537725,مجله بیوتکنولوژی کشاورزی,,,مجله بیوتکنولوژی کشاورزی,Shahid Bahonar University of Kerman,"Iran, Islamic Republic of",,2228-6705,True,3,
S4306537771,مجله جنگل ایران,,,مجله جنگل ایران,Iranian Society of Forestry,"Iran, Islamic Republic of",,2008-6113,True,3,
S4306537779,مجله دامپزشکی ایران,,,مجله دامپزشکی ایران.,Shahid Chamran University of Ahvaz,"Iran, Islamic Republic of",,1735-6873,True,3,
S4306537862,مجله علوم تربیتی,,,مجله علوم تربیتی,Shahid Chamran University of Ahvaz,"Iran, Islamic Republic of",,2588-672X,True,3,
S4306537880,مجله مدل سازی در مهندسی,,,مجله مدل سازی در مهندسی,Semnan University,"Iran, Islamic Republic of",,2783-2538,True,5,
S4306537883,مجله مطالعات ایرانی,,,مجله مطالعات ایرانی,Shahid Bahonar University of Kerman,"Iran, Islamic Republic of",,1735-0700,True,3,
S4306537895,محیط زیست و مهندسی آب,,,محیط زیست و مهندسی آب,Iranian Rainwater Catchment Systems Association,"Iran, Islamic Republic of",,2476-3683,True,5,
S4306537896,محیط شناسی,,,محیط شناسی,University of Tehran,"Iran, Islamic Republic of",,2345-6922,True,2,
S4306537897,مخاطرات محیط طبیعی,,,مخاطرات محیط طبیعی,University of Sistan and Baluchestan,"Iran, Islamic Republic of",,2676-4385,True,3,
S4306537900,مدیریت آب و آبیاری,,,مدیریت آب و آبیاری,"University of Tehran, College of Aburaihan","Iran, Islamic Republic of",,2382-9931,True,4,
S4306537902,مدیریت بیابان,,,مدیریت بیابان,Iranian Scientific Association of Desert Management and Control (ISADMC),"Iran, Islamic Republic of",,2476-3985,True,2,
S4306537904,مدیریت بازرگانی,,,‫مدیریت بازرگانی,"University of Tehran, Faculty of Management","Iran, Islamic Republic of",,2008-5907,True,2,
S4306537906,مدیریت بهره‌وری,,,مدیریت بهره وری,"Islamic Azad University, Tabriz Branch","Iran, Islamic Republic of",,2716-9979,True,2,
S4306537911,مدیریت سرمایه اجتماعی,,,مدیریت سرمایه اجتماعی,University of Tehran Press,"Iran, Islamic Republic of",,2423-608X,True,3,
S4306537913,مدیریت صنعتی,,,مدیریت صنعتی,University of Tehran,"Iran, Islamic Republic of",,2008-5885,True,2,
S4306537915,مدیریت فرهنگ سازمانی,,,مدیریت فرهنگ سازمانی,University of Tehran press,"Iran, Islamic Republic of",,2423-6942,True,3,
S4306537920,مدیریت نوآوری,,,مدیریت نوآوری,مدیریت نوآوری,"Iran, Islamic Republic of",,2322-5386,True,2,
S4306537922,مدیریت و توسعه ورزش,,,مدیریت و توسعه ورزش,University of Guilan,"Iran, Islamic Republic of",,2538-5348,True,4,
S4306537923,مدلسازی اقتصادسنجی,,,مدلسازی اقتصادسنجی,Semnan University,"Iran, Islamic Republic of",,2345-654X,True,2,
S4306537932,مطالعات اجتماعی روان شناختی زنان,,,مطالعات اجتماعی روان‌شناختی زنان,Alzahra University,"Iran, Islamic Republic of",,2538-2934,True,5,
S4306537934,مطالعات اسلام و روانشناسی,,,مطالعات اسلام و روانشناسی,Research Institute of Hawzah and University,"Iran, Islamic Republic of",,2008-1103,True,4,
S4306537945,مطالعات تجربی حسابداری مالی,,,مطالعات تجربی حسابداری مالی,Allameh Tabataba'i University Press,"Iran, Islamic Republic of",,2538-2519,True,4,
S4306537956,مطالعات در دنیای رنگ,,,مطالعات در دنیای رنگ,Institute for Color Science and Technology,"Iran, Islamic Republic of",,2383-2223,True,4,
S4306537960,مطالعات رسانه‌های نوین,,,مطالعات رسانه‌های نوین,Allameh Tabataba'i University Press,"Iran, Islamic Republic of",,2476-6550,True,3,
S4306537964,مطالعات زبان‌ها و گویش‌های غرب ایران,,,مطالعات زبان‌‌ها و گویش‌های غرب ایران,Razi University,"Iran, Islamic Republic of",,2676-573X,True,6,
S4306537965,مطالعات زبان و ادبیات غنایی,,,مطالعات زبان و ادبیات غنایی,"Islamic Azad University, Najafabad University","Iran, Islamic Republic of",,2717-0896,True,5,
S4306537966,مطالعات زبانی و بلاغی,,,مطالعات زبانی و بلاغی,Semnan University,"Iran, Islamic Republic of",,2008-9570,True,4,
S4306537967,مطالعات زبان و ترجمه,,,‫مطالعات زبان و ترجمه,Ferdowsi University of Mashhad,"Iran, Islamic Republic of",,2228-5202,True,4,
S4306537968,مطالعات زن و خانواده,,,مطالعات زن و خانواده,Alzahra University,"Iran, Islamic Republic of",,2538-2004,True,4,
S4306537973,مطالعات فقه و حقوق اسلامی,,,مطالعات فقه و حقوق اسلامی,Semnan University,"Iran, Islamic Republic of",,2717-0330,True,5,
S4306537976,مطالعات قرآن و حدیث,,,مطالعات قرآن و حدیث,Imam Sadiq University,"Iran, Islamic Republic of",,2228-6632,True,4,
S4306537978,مطالعات کاربردی تندرستی در فیزیولوژی ورزش,,,مطالعات کاربردی تندرستی در فیزیولوژی ورزش,"Azarbaijan Shahid Madani University Press,","Iran, Islamic Republic of",,2676-6507,True,6,
S4306537979,مطالعات کاربردی علوم زیستی در ورزش,,,مطالعات کاربردی علوم زیستی در ورزش,University of Birjand,"Iran, Islamic Republic of",,2383-0182,True,6,
S4306537981,مطالعات مدیریت (بهبود و تحول),,,مطالعات مدیریت بهبود و تحول,Allameh Tabataba'i University Press,"Iran, Islamic Republic of",,2476-5988,True,5,
S4306537984,مطالعات مدیریت کسب و کار هوشمند,,,مطالعات مدیریت کسب و کار هوشمند,Allameh Tabataba'i University Press,"Iran, Islamic Republic of",,2821-0964,True,6,
S4306537986,مطالعات مدیریت ورزشی,,,مطالعات مدیریت ورزشی,Sport Sciences Research Institute,"Iran, Islamic Republic of",,2538-3213,True,3,
S4306538000,مکانیک سازه ها و شاره ها,,,مکانیک سازه ها و شاره ها,Shahrood University of Technology,"Iran, Islamic Republic of",,2251-9475,True,6,
S4306538002,منظر,,,منظر,"Nazar research center for Art, Architecture & Urbanism","Iran, Islamic Republic of",,2008-2169,True,1,
S4306538008,مهندسی زراعی,,,مهندسی زراعی,Shahid Chamran University of Ahvaz,"Iran, Islamic Republic of",,2588-5944,True,2,
S4306538013,مهندسی عمران فردوسی,,,مهندسی عمران فردوسی,Ferdowsi University of Mashhad,"Iran, Islamic Republic of",,2783-2805,True,3,
S4306538014,مهندسی عمران مدرس,,,مهندسی عمران مدرس,Tarbiat Modares University,"Iran, Islamic Republic of",,2476-6763,True,3,
S4306538019,مهندسی مکانیک دانشگاه تبریز,,,مهندسی مکانیک دانشگاه تبریز,University of Tabriz,"Iran, Islamic Republic of",,2228-5148,True,4,
S4306538030,نامه آموزش عالی,,,نامه آموزش عالی,Institute for Research and Planning in Higher Education,"Iran, Islamic Republic of",,2783-2139,True,3,
S4306538034,نامه معماری و شهرسازی,,,نامه معماری و شهرسازی,University of Art,"Iran, Islamic Republic of",,2717-1299,True,4,
S4306538150,هیدروژئومورفولوژی,,,هیدروژئومورفولوژی,University of Tabriz,"Iran, Islamic Republic of",,2383-3254,True,1,
S4306538154,هنر اسلامی,,,هنر اسلامی,The Institute of Islamic Art Studies,"Iran, Islamic Republic of",,2676-7759,True,2,
S4306538155,هنر و تمدن شرق,,,هنر و تمدن شرق,Nazar,"Iran, Islamic Republic of",,2345-6620,True,4,
S4306538157,هوش محاسباتی در مهندسی برق,,,هوش محاسباتی در مهندسی برق,University of Isfahan,"Iran, Islamic Republic of",,2821-0689,True,5,
S4306538245,Актуальные проблемы нефти и газа,,,Актуальные проблемы нефти и газа,"Russian Academy of Sciences, Oil and Gas Research Institute",Russian Federation,,2687-0312,True,5,
S4306538458,Вестник Екатеринбургской духовной семинарии,,,Вестник Екатеринбургской духовной семинарии,Russian Orthodox Church. Ekaterinburg Theological Seminary of the Ekaterinburg Eparchy,Russian Federation,,2782-7496,True,4,
S4306539364,Историко-биологические исследования,,,Историко-биологические исследования,"Russian Academy of Sciences, S. I. Vavilov Institute for the History of Science and Technology",Russian Federation,,2076-8176,True,2,
S4306539523,Материалы по археологии и истории античного и средневекового Крыма,,,Материалы по археологии и истории античного и средневекового Крыма,Nizhnevartovsk State University,Russian Federation,,2219-8857,True,9,
S4306539533,Медицина в Кузбассе,,,Медицина в Кузбассе,The Publishing House Medicine and Enlightenment,Russian Federation,,2588-0411,True,3,
S4306540111,Религия. Церковь. Общество,,,"Религия, церковь, общество","Theological Institute of the Evangelical Lutheran Church of Ingria (Saint-Petersburg, Russia),",Russian Federation,,2308-0698,True,3,
S4306540324,Строительство уникальных зданий и сооружений,,,Строительство уникальных зданий и сооружений,"Venture Production, Research and Development Institution",Russian Federation,,2304-6295,True,5,
S4306540598,Экономика и банки,,,Экономика и банки,Полесский государственный университет,Belarus,,2078-5410,True,3,
S4306540827,上海师范大学学报：自然科学版,,,上海师范大学学报. 自然科学版,Academic Journals Center of Shanghai Normal University,China,,1000-5137,True,1,
S4306543170,人民黄河,,,人民黄河,Editorial Office of Yellow River,China,,1000-1379,True,1,
S4306545107,南方能源建设,,,南方能源建设,"Energy Observer Magazine Co., Ltd.",China,,2095-8676,True,1,
S4306545265,口腔疾病防治,,,口腔疾病防治,Editorial Department of Journal of Prevention and Treatment for Stomatological Diseases,China,,2096-1456,True,1,
S4306545465,同济大学学报：医学版,,,同济大学学报. 医学版,Editorail Office of Journal of Tongji University(Medical Science),China,,2097-4345,True,1,
S4306545748,四川大学学报：自然科学版,,,四川大学学报. 自然科学版,Editorial Department of Journal of Sichuan University (Natural Science Edition),China,,0490-6756,True,1,
S4306545802,园林,,,园林,Editorial Department of Landscape Architecture Academic Journal,China,,1000-0283,True,1,
S4306546404,地质科技通报,,,地质科技通报,Editorial Department of Bulletin of Geological Science and Technology,China,,2096-8523,True,1,
S4306548582,应用气象学报,,,应用气象学报,Editorial Office of Journal of Applied Meteorological Science,China,,1001-7313,True,1,
S4306552315,机车电传动,,,机车电传动,Editorial Department of Electric Drive for Locomotives,China,,1000-128X,True,1,
S4306554005,涂料工业,,,涂料工业,Editorial Office of Paint & Coatings Industry,China,,0253-4312,True,1,
S4306557247,能源环境保护,,,能源环境保护,Editorial Office of Energy Environmental Protection,China,,2097-4183,True,1,
S4306559474,长江科学院院报,,,长江科学院院报,Editorial Office of Journal of Changjiang River Scientific Research Institute,China,,1001-5485,True,1,
S4306560131,预防医学,,,预防医学,Editorial Office of China Preventive Medicine Journal,China,,2096-5087,True,1,
S4363604873,Technische Mechanik,,DE,Technische Mechanik,Magdeburger Verein für Technische Mechanik e.V.,Germany,,2199-9244,True,2,
S4363606520,MOKSLO TAIKOMIEJI TYRIMAI LIETUVOS KOLEGIJOSE,,,Mokslo Taikomieji Tyrimai Lietuvos Kolegijose,Kauno Kolegija (Kaunas University of Applied Sciences),Lithuania,,1822-1068,True,5,
S4363606593,ATENEO,,,Ateneo,Colegio de Médicos del Azuay,Ecuador,,2661-6971,True,1,
S4363607297,International Journal of Work-Integrated Learning,,,International Journal of Work-Integrated Learning,Work-Integrated Learning New Zealand (WILNZ),New Zealand,,2538-1032,True,5,
S4387281376,Kadim Akademi SBD,Kadim Akademi (SBD),,Kadim Akademi SBD,Kadim Akademi Derneği,Türkiye,2564-7229,2630-5941,True,3,publisher_conflict
S4387281734,Australian Journal of Law and Religion,"""University of Southern Queensland Law, Religion, and Heritage Research Program Team""",,Australian Journal of Law & Religion,"University of Southern Queensland Law, Religion, and Heritage Research Program Team",Australia,2653-5114,2653-5122,False,6,
S4387285090,Sırat,"""Faculty of Islamic Sciences, Gaziantep Islamic Science and Technology University""",,GİBTÜ İslami Araştırmalar Dergisi,Gaziantep Islam Science and Technology University,Türkiye,2757-8631,3062-0317,False,1,publisher_conflict
S4387287388,Legal Bulletin,KROK University,,Legal Bulletin,LLC «MIAS Expert»,Russian Federation,2708-339X|2786-7498,2658-5448,True,2,publisher_conflict
S4387290991,IIMT Journal of Management,Emerald (MCB UP),,IIMT Journal of Management,Emerald Publishing,United Kingdom,2976-7261,2976-727X,True,4,publisher_conflict
S4390296639,Journal of Modern Psychology,Zaporizhzhia National University,,Journal of Modern Psychology,Rahman Institute of Higher Education,"Iran, Islamic Republic of",2786-7471,2783-4433,True,4,publisher_conflict
S4393917118,Trazos,,,Trazos,"Facultad de Filosofia, Humanidades y Artes. UNSJ",Argentina,1131-1703,2591-3050,True,1,
S4393918709,Indonesian Journal of Early Childhood Education Studies,,,Indonesian Journal of Early Childhood Education Studies,Universitas Negeri Semarang,Indonesia,2476-9584,2252-8415,True,7,
S4393918870,Malaysian Journal of Public Health Medicine,,,Malaysian Journal of Public Health Medicine,Malaysian Public Health Specialists Association,Malaysia,2590-3829,1675-0306,True,6,
S4394735843,International Journal of Computing Sciences Research,,,International Journal of Computing Sciences Research,STEP Academic Publisher,Philippines,2546-115X,2546-0552,True,6,
S4394736417,Al Ushuliy Jurnal Mahasiswa Syariah dan Hukum,,,Al Ushuliy,Universitas Islam Negeri Mahmud Yunus Batusangkar,Indonesia,3025-1001,3025-1060,False,7,
S4404669631,Folia philologica.,Gelʹvetika,UN,Фізичне виховання та спорт,Zaporizhzhia National University,Ukraine,2786-5908|2786-5916,2786-5932,False,2,publisher_conflict
S4404677020,Nusa,Penerbit Mandalika Indonesia,IO,Nusa,"Universitas Katolik Indonesia Atma Jaya, Tokyo University of Foreign Studies",Japan,3047-7794,0126-2874,True,1,publisher_conflict;country_conflict
S5406990296,Arte 21,Centro Universitário Belas Artes de São Paulo,,Arte 21,Centro Universitário Belas Artes de São Paulo,Brazil,2317-8698,3086-4593,True,2,
S5407010704,Akademik-Us,Artvin Çoruh Üniversitesi Ilahiyat Fakültesi,,Akademik-Us,Artvin Çoruh Üniversitesi,Türkiye,2587-0750,2602-3253,True,1,
S5407036513,Current Clinical and Medical Education,European International Journal of Multidisciplinary Research and Management Studies,,Current Clinical and Medical Education,Anna Medical College,Mauritius,2942-0792,3023-3585,True,5,publisher_conflict
S5407049887,Journal of Linguistics and Language Teaching,Gema Cendekia Institute,,Journal of Linguistics and Language Teaching,Journal of Linguistics and Language Teaching (Prof Thomas Tinnefeld),Germany,3089-5324,2190-4677,True,6,publisher_conflict
S5407050826,Ovidius University Annals Series Physical Education and Sport Science movement and health,Universitatea Ovidius din Constanta,,"Ovidius University Annals, Series Physical Education and Sport/Science, Movement and Health",Ovidius University Press,Romania,2285-777X|2285-7788,1224-7359,True,12,publisher_conflict
S7407050893,CERN IdeaSquare Journal of Experimental Innovation,CERN - European Organization for Nuclear Research,,CERN IdeaSquare Journal of Experimental Innovation,CERN,Switzerland,,2413-9505,True,6,
S7407051279,Survey Methods: Insights from the Field,FORS - Swiss Centre of Expertise in the Social Sciences,,Survey Methods - Insights from the Field,FORS,Switzerland,,2296-4754,True,6,
S7407051290,Ancilla Iuris,ZHAW Zürcher Hochschule für Angewandte Wissenschaften,,Ancilla Iuris,Ancilla Iuris,Switzerland,,1661-8610,True,2,publisher_conflict
S7407052766,Sustainable Development and Engineering Economics,Peter the Great St. Petersburg Polytechnic University,,Sustainable Development and Engineering Economics,Peter the Great St. Petersburg Polytechnic University,Russian Federation,,2782-6333,True,5,
S7407053051,Revista Chicomoztoc,Universidad Autónoma de Zacatecas,,Revista Chicomoztoc,Universidad Autónoma de Zacatecas,Mexico,,2992-7188,True,2,
S7407053441,Leaf Journal,University of Lancaster,,Leaf Journal,Elen Caldecott & Lucy Cuthew,United Kingdom,,2753-6920,True,2,publisher_conflict
S7407057148,Pathos,"Facultad de Psicología, Universidad Nacional de Córdoba",,Pathos,Publiediting,Italy,2313-9390,1593-2354,True,1,publisher_conflict
